iteration,1,2,3,4,5

1,10831,10881,5391,19180,19912

2,14401,14568,7645,18142,19577

3,14485,14749,9625,17221,19250

4,13871,13986,11724,16551,18992

5,12921,13045,14162,15966,18711

6,11884,11880,16620,15495,18423

7,10619,10525,19591,15040,18057

8,9165,9095,22671,14663,17706

9,7631,7646,25763,14365,17347

10,6250,6166,28813,14137,17058

11,4851,4743,31836,13955,16684

12,3560,3538,34789,13777,16244

13,2633,2519,37171,13657,15862

14,1800,1776,39263,13574,15536

15,1179,1219,41015,13536,15208

16,734,772,42562,13501,14819

17,440,493,43623,13494,14513

18,257,298,44523,13489,14228

19,167,177,45156,13491,14006

20,103,102,45666,13497,13841

21,63,71,46078,13521,13703

22,47,43,46391,13543,13583

23,27,27,46666,13564,13476

24,18,10,46855,13586,13423

25,16,5,46973,13609,13388

26,10,5,47097,13630,13351

27,8,6,47185,13655,13327

28,7,5,47247,13672,13323

29,10,10,47300,13686,13324

30,8,9,47345,13701,13328

31,9,7,47376,13723,13328

32,5,5,47398,13740,13331

33,6,5,47418,13761,13333

34,10,7,47433,13769,13344

35,9,8,47449,13783,13355

36,5,6,47460,13796,13368

37,5,3,47469,13811,13386

38,3,8,47474,13826,13402

39,3,8,47476,13843,13417

40,4,8,47486,13856,13425

41,6,6,47495,13872,13437

42,3,7,47504,13899,13446

43,7,3,47508,13912,13466

44,3,7,47510,13928,13470

45,4,4,47515,13943,13477

46,6,4,47526,13959,13493

47,4,6,47530,13978,13511

48,5,3,47534,13994,13521

49,3,5,47541,14013,13535

50,1,6,47546,14022,13546

51,1,4,47548,14036,13554

52,2,4,47551,14046,13569

53,2,5,47551,14059,13579

54,3,5,47552,14074,13592

55,3,4,47555,14091,13610

56,4,6,47556,14105,13624

57,3,8,47557,14110,13640

58,5,4,47558,14123,13649

59,5,3,47560,14137,13660

60,5,2,47562,14155,13673

61,4,1,47562,14173,13688

62,5,2,47563,14187,13699

63,12,4,47564,14203,13710

64,13,3,47564,14222,13724

65,10,3,47564,14232,13736

66,10,3,47567,14245,13747

67,9,1,47567,14266,13764

68,4,8,47566,14281,13778

69,4,6,47565,14297,13790

70,3,9,47566,14316,13804

71,2,4,47566,14333,13813

72,1,6,47566,14351,13823

73,0,9,47568,14368,13832

74,2,5,47568,14378,13845

75,2,5,47569,14392,13857

76,2,3,47570,14416,13869

77,2,3,47570,14434,13878

78,4,4,47570,14442,13889

79,1,3,47570,14457,13896

80,5,6,47571,14470,13908

81,4,3,47571,14482,13916

82,7,3,47572,14504,13932

83,10,5,47573,14516,13941

84,9,3,47573,14526,13950

85,9,3,47572,14541,13958

86,8,3,47572,14551,13965

87,7,3,47572,14568,13975

88,6,1,47573,14580,13988

89,6,3,47574,14594,13992

90,1,7,47576,14606,14004

91,4,5,47577,14623,14021

92,5,2,47577,14632,14029

93,4,1,47577,14640,14040

94,7,3,47577,14653,14047

95,7,0,47575,14670,14055

96,3,0,47574,14684,14060

97,4,3,47569,14696,14071

98,1,3,47566,14704,14079

99,4,5,47561,14719,14089

100,2,7,47553,14731,14095

101,2,4,47533,14741,14101

102,0,4,47508,14750,14105

103,1,3,47433,14763,14112

104,6,4,47298,14774,14119

105,3,2,47088,14782,14126

106,3,3,46758,14788,14129

107,3,3,46309,14802,14135

108,6,4,45664,14820,14127

109,6,3,44796,14835,14114

110,5,6,43879,14854,14079

111,8,10,42756,14878,14014

112,5,7,41501,14900,13913

113,7,8,40213,14923,13742

114,10,8,38880,14956,13504

115,15,13,37564,14988,13189

116,13,8,36143,15028,12744

117,13,12,34961,15065,12221

118,12,14,33825,15091,11580

119,15,18,32741,15130,10877

120,22,16,31892,15166,10024

121,26,19,31145,15216,9126

122,27,24,30616,15264,8193

123,28,27,30130,15305,7386

124,25,34,29813,15357,6561

125,28,30,29523,15410,5710

126,30,33,29164,15488,5001

127,28,46,28886,15551,4348

128,28,35,28700,15597,3761

129,43,35,28541,15673,3297

130,49,41,28414,15737,2877

131,36,48,28375,15799,2489

132,27,39,28381,15893,2141

133,30,46,28355,15967,1890

134,40,43,28387,16025,1659

135,42,43,28451,16102,1442

136,56,47,28567,16180,1251

137,55,52,28627,16262,1109

138,45,46,28707,16334,971

139,52,49,28798,16431,878

140,47,46,28860,16525,774

141,44,36,28916,16602,709

142,36,46,28956,16692,642

143,34,49,29003,16762,587

144,29,49,29054,16842,514

145,38,43,29083,16934,463

146,45,46,29113,17013,419

147,32,46,29137,17083,385

148,28,41,29170,17159,353

149,33,31,29196,17236,327

150,36,47,29213,17314,307

151,39,43,29222,17387,285

152,40,49,29247,17471,261

153,39,41,29262,17556,244

154,40,33,29281,17630,231

155,46,36,29288,17695,219

156,41,35,29294,17779,206

157,40,29,29299,17865,194

158,38,27,29311,17953,189

159,41,27,29322,18026,172

160,37,30,29338,18115,166

161,34,34,29358,18191,156

162,34,39,29364,18272,141

163,25,41,29370,18365,129

164,33,47,29370,18448,123

165,32,48,29374,18531,123

166,33,60,29376,18640,115

167,40,57,29376,18716,104

168,40,57,29373,18807,100

169,35,52,29361,18899,95

170,40,40,29361,18985,94

171,42,35,29358,19057,89

172,35,28,29338,19124,88

173,40,26,29301,19206,83

174,37,20,29269,19276,80

175,36,26,29240,19352,81

176,35,21,29204,19417,75

177,44,26,29151,19523,71

178,42,34,29100,19593,69

179,42,32,29029,19684,70

180,37,34,28981,19753,69

181,36,46,28922,19840,67

182,29,40,28848,19931,69

183,36,36,28772,20002,62

184,39,33,28696,20087,59

185,32,35,28621,20160,56

186,27,36,28542,20235,51

187,27,37,28469,20321,46

188,29,29,28384,20408,46

189,21,33,28327,20481,42

190,25,37,28274,20557,42

191,27,43,28216,20659,37

192,36,33,28134,20747,37

193,36,41,28059,20838,34

194,37,39,27980,20937,31

195,45,56,27913,21033,35

196,36,41,27844,21126,35

197,36,41,27773,21219,32

198,30,32,27695,21305,26

199,34,33,27620,21378,23

200,37,29,27530,21454,26

201,26,26,27443,21525,32

202,36,27,27335,21602,27

203,43,30,27208,21700,25

204,40,31,27052,21780,25

205,41,36,26868,21868,20

206,40,36,26597,21944,28

207,46,36,26336,22032,28

208,39,27,25990,22105,29

209,41,30,25561,22180,26

210,41,30,25077,22251,30

211,43,43,24575,22345,25

212,43,45,23947,22419,26

213,54,53,23335,22499,22

214,47,51,22659,22577,24

215,45,51,21925,22664,27

216,54,56,21144,22725,28

217,55,59,20306,22792,23

218,71,62,19482,22895,23

219,78,74,18599,22964,29

220,83,83,17769,23036,25

221,88,96,16883,23118,32

222,111,102,16040,23178,37

223,140,117,15220,23259,40

224,163,135,14432,23349,40

225,203,150,13703,23410,39

226,230,167,12925,23469,44

227,260,184,12235,23534,43

228,303,219,11592,23587,45

229,354,259,10960,23629,42

230,431,318,10400,23645,45

231,526,383,9877,23685,51

232,666,475,9413,23703,51

233,811,579,9016,23731,58

234,1000,673,8651,23738,61

235,1216,788,8351,23736,67

236,1527,998,8100,23736,67

237,1875,1150,7892,23721,66

238,2211,1383,7718,23677,69

239,2600,1654,7555,23593,77

240,3070,1924,7483,23501,72

241,3623,2273,7450,23387,74

242,4200,2666,7457,23240,79

243,4862,3128,7530,23062,79

244,5510,3596,7601,22856,76

245,6200,4058,7744,22610,73

246,7086,4646,7958,22257,76

247,7805,5166,8202,21896,79

248,8651,5784,8583,21498,81

249,9339,6344,8989,21093,83

250,9983,6880,9492,20663,92

251,10569,7413,10053,20212,87

252,11130,7956,10722,19648,82

253,11577,8470,11476,19138,82

254,11934,8887,12318,18566,80

255,12093,9257,13329,17975,77

256,11989,9490,14314,17375,83

257,11824,9594,15356,16806,83

258,11659,9536,16504,16187,83

259,11044,9219,17773,15592,76

260,10407,8938,18986,15028,79

261,9744,8523,20209,14520,75

262,8956,7940,21439,14034,72

263,8212,7312,22635,13577,73

264,7330,6578,23821,13151,70

265,6407,5853,24948,12814,71

266,5606,5113,25979,12500,66

267,4720,4420,26971,12219,69

268,4010,3641,27843,12003,64

269,3340,3087,28531,11845,62

270,2625,2505,29195,11724,61

271,2086,2006,29756,11644,57

272,1667,1604,30208,11582,56

273,1298,1291,30600,11558,54

274,967,976,30892,11535,54

275,731,753,31160,11547,46

276,531,577,31353,11570,43

277,385,450,31507,11615,42

278,279,327,31624,11654,42

279,204,242,31718,11704,44

280,157,165,31792,11756,40

281,138,124,31850,11828,38

282,103,84,31890,11870,36

283,81,81,31924,11927,38

284,63,75,31950,11987,38

285,60,61,31988,12054,33

286,57,40,32010,12121,38

287,54,44,32024,12173,36

288,56,40,32046,12242,38

289,43,37,32061,12313,35

290,31,41,32090,12378,31

291,33,48,32114,12437,32

292,41,43,32125,12502,27

293,41,31,32140,12553,25

294,43,35,32162,12611,25

295,34,34,32171,12685,20

296,29,40,32182,12747,21

297,29,39,32189,12813,24

298,29,42,32198,12879,22

299,35,46,32209,12955,24

300,41,45,32216,13016,27

301,42,37,32211,13085,23

302,43,39,32227,13160,23

303,43,36,32230,13237,22

304,35,39,32231,13306,21

305,40,33,32238,13375,27

306,36,38,32247,13433,24

307,41,45,32257,13504,22

308,41,42,32261,13573,19

309,48,30,32264,13633,20

310,39,24,32269,13697,24

311,39,38,32277,13762,21

312,48,45,32282,13825,22

313,47,42,32297,13899,25

314,51,47,32306,13955,24

315,54,47,32314,14033,27

316,49,52,32320,14088,25

317,44,39,32319,14155,25

318,39,39,32313,14220,23

319,46,32,32312,14273,19

320,45,38,32316,14339,23

321,41,45,32319,14411,19

322,29,43,32319,14483,22

323,25,47,32326,14550,22

324,31,41,32334,14618,26

325,35,40,32327,14693,30

326,38,36,32322,14767,30

327,34,33,32323,14839,30

328,32,39,32324,14903,30

329,34,30,32320,14960,27

330,36,46,32323,15043,31

331,38,48,32311,15119,24

332,35,41,32302,15200,23

333,32,30,32296,15262,25

334,41,28,32286,15340,20

335,42,34,32266,15403,20

336,37,26,32253,15474,22

337,33,29,32227,15543,22

338,32,26,32196,15612,25

339,28,30,32168,15683,21

340,30,34,32106,15753,24

341,33,43,32029,15830,20

342,38,48,31953,15897,18

343,38,39,31834,15966,23

344,33,36,31724,16030,22

345,34,32,31556,16093,16

346,27,32,31345,16158,22

347,36,35,31141,16221,22

348,27,40,30891,16291,22

349,30,46,30563,16353,23

350,44,49,30221,16431,22

351,47,50,29823,16500,19

352,39,51,29334,16580,20

353,45,58,28809,16660,26

354,52,52,28240,16725,23

355,47,48,27617,16791,27

356,40,51,26884,16858,26

357,43,55,26126,16932,20

358,57,57,25343,17003,17

359,62,56,24486,17077,24

360,54,59,23525,17145,25

361,66,60,22533,17221,27

362,64,71,21585,17285,32

363,72,108,20506,17360,29

364,74,113,19475,17430,33

365,74,106,18455,17481,37

366,88,142,17428,17543,44

367,94,155,16357,17615,46

368,104,175,15432,17691,50

369,118,231,14426,17760,48

370,143,287,13519,17822,51

371,177,335,12722,17879,55

372,211,380,11840,17948,64

373,252,484,11118,17998,66

374,313,542,10486,18047,61

375,378,665,9820,18093,63

376,470,798,9310,18112,67

377,547,964,8807,18146,69

378,669,1219,8380,18143,77

379,805,1394,8007,18152,83

380,948,1649,7718,18138,91

381,1099,1894,7481,18105,97

382,1249,2143,7310,18064,95

383,1531,2511,7145,17961,97

384,1761,2902,7087,17886,104

385,1997,3275,7065,17793,107

386,2316,3720,7089,17660,116

387,2680,4098,7149,17503,113

388,3039,4513,7239,17358,112

389,3378,4955,7392,17148,122

390,3724,5333,7558,16946,134

391,4070,5749,7794,16708,130

392,4491,6207,8103,16397,136

393,4824,6689,8436,16064,141

394,5172,7089,8809,15739,147

395,5546,7494,9249,15372,150

396,5798,7888,9734,15000,153

397,6033,8235,10211,14629,157

398,6286,8433,10777,14229,155

399,6496,8620,11410,13835,153

400,6518,8807,12082,13424,145

401,6476,8868,12758,13023,150

402,6461,8785,13520,12573,147

403,6465,8600,14338,12113,152

404,6258,8487,15139,11686,151

405,6073,8192,15979,11248,146

406,5830,7929,16770,10897,144

407,5516,7505,17656,10496,144

408,5224,6966,18457,10192,141

409,4907,6371,19283,9859,134

410,4553,5768,20084,9569,134

411,4202,5271,20831,9298,126

412,3875,4768,21534,9094,124

413,3519,4150,22166,8889,110

414,3132,3548,22794,8685,102

415,2846,3060,23304,8571,93

416,2465,2542,23821,8476,86

417,2145,2083,24258,8384,76

418,1852,1717,24620,8316,80

419,1634,1430,24959,8275,79

420,1394,1131,25245,8224,76

421,1186,925,25485,8199,73

422,1025,752,25704,8176,69

423,869,636,25906,8171,58

424,726,549,26072,8184,52

425,589,478,26197,8204,51

426,456,384,26328,8223,56

427,355,299,26449,8246,51

428,287,250,26539,8307,48

429,239,208,26613,8353,45

430,200,170,26675,8385,45

431,175,137,26727,8432,41

432,142,113,26758,8491,42

433,138,103,26791,8551,43

434,117,104,26834,8601,35

435,82,95,26872,8654,31

436,71,96,26890,8698,32

437,60,85,26924,8743,30

438,71,78,26941,8795,28

439,69,76,26970,8871,30

440,72,66,26991,8933,35

441,54,60,27012,8997,36

442,55,67,27033,9058,37

443,50,62,27061,9103,39

444,52,65,27074,9157,36

445,50,64,27091,9215,35

446,64,68,27106,9274,33

447,64,66,27119,9327,34

448,53,66,27134,9378,37

449,53,66,27154,9438,30

450,47,69,27168,9488,27

451,57,75,27191,9542,26

452,62,66,27185,9591,26

453,53,62,27193,9644,32

454,64,57,27209,9710,37

455,51,61,27212,9760,30

456,64,59,27218,9816,34

457,58,51,27222,9872,26

458,59,43,27232,9926,29

459,64,55,27230,9982,26

460,67,51,27234,10026,27

461,68,49,27244,10089,27

462,64,53,27260,10160,31

463,68,53,27254,10214,33

464,82,46,27259,10277,34

465,65,54,27263,10337,33

466,62,62,27257,10384,34

467,65,63,27280,10443,32

468,53,61,27265,10500,27

469,59,55,27261,10545,29

470,59,55,27262,10609,35

471,55,49,27260,10652,36

472,44,48,27261,10715,31

473,38,53,27267,10764,29

474,24,50,27240,10827,31

475,32,59,27239,10879,35

476,43,50,27220,10925,31

477,38,39,27191,10971,27

478,47,46,27150,11034,31

479,43,44,27096,11096,27

480,32,53,27045,11171,27

481,47,56,26984,11219,32

482,48,63,26911,11286,30

483,43,67,26818,11336,28

484,47,59,26696,11390,23

485,61,58,26555,11462,24

486,61,49,26400,11518,19

487,64,52,26235,11586,23

488,50,58,26025,11650,26

489,53,57,25798,11707,23

490,55,58,25525,11777,24

491,58,59,25212,11839,30

492,60,58,24893,11889,35

493,54,68,24478,11948,37

494,62,64,24119,12001,38

495,65,63,23676,12083,38

496,68,63,23199,12147,38

497,75,68,22657,12213,36

498,72,77,22146,12261,37

499,78,71,21590,12327,32

500,91,69,20973,12378,31

501,94,74,20338,12440,35

502,87,88,19667,12502,38

503,97,101,18965,12566,50

504,105,109,18291,12637,43

505,121,110,17529,12710,43

506,126,102,16772,12767,45

507,126,118,16064,12826,52

508,134,130,15441,12888,58

509,137,130,14720,12947,58

510,156,155,14031,12986,64

511,170,165,13429,13058,71

512,197,183,12766,13121,64

513,201,209,12186,13172,73

514,220,238,11593,13221,69

515,261,263,11106,13270,75

516,309,314,10661,13319,76

517,352,377,10212,13357,81

518,387,450,9820,13396,79

519,442,513,9430,13437,88

520,487,584,9110,13470,94

521,521,653,8848,13515,103

522,553,768,8590,13533,106

523,626,897,8335,13566,112

524,701,990,8183,13557,121

525,794,1140,7989,13534,125

526,910,1232,7842,13540,133

527,1060,1377,7729,13495,138

528,1166,1541,7639,13500,138

529,1291,1715,7612,13464,141

530,1457,1909,7561,13418,142

531,1669,2120,7539,13378,141

532,1804,2371,7521,13288,141

533,1948,2577,7554,13192,150

534,2151,2829,7618,13066,162

535,2317,3057,7701,12933,160

536,2514,3340,7822,12790,166

537,2772,3622,7970,12654,162

538,2943,3851,8130,12450,164

539,3073,4109,8350,12259,167

540,3251,4364,8573,12074,175

541,3441,4512,8826,11860,175

542,3676,4677,9094,11632,176

543,3882,4808,9408,11408,168

544,3960,4891,9763,11166,171

545,4015,4952,10083,10914,182

546,4119,5013,10490,10669,177

547,4203,5043,10905,10424,176

548,4229,5001,11298,10178,174

549,4253,4966,11752,9931,170

550,4212,4922,12180,9674,164

551,4154,4849,12627,9414,161

552,4039,4691,13069,9173,167

553,3940,4465,13557,8958,157

554,3807,4370,14001,8717,160

555,3689,4223,14496,8495,158

556,3579,4068,14934,8274,151

557,3438,3857,15368,8112,156

558,3233,3545,15824,7941,154

559,3055,3274,16248,7786,150

560,2862,3057,16678,7639,150

561,2748,2874,17055,7488,140

562,2566,2688,17432,7372,134

563,2371,2510,17762,7251,124

564,2148,2299,18124,7158,121

565,2004,2130,18398,7049,112

566,1853,1930,18673,6992,109

567,1668,1767,18952,6943,100

568,1478,1556,19229,6909,97

569,1308,1417,19486,6877,99

570,1168,1275,19715,6827,88

571,1019,1092,19925,6807,85

572,914,971,20097,6786,85

573,801,880,20242,6778,79

574,695,780,20399,6765,78

575,614,642,20541,6764,71

576,531,533,20690,6776,73

577,463,458,20783,6806,73

578,400,365,20904,6844,64

579,351,305,21000,6884,59

580,323,260,21075,6921,61

581,281,226,21144,6956,51

582,238,206,21215,6985,51

583,217,186,21271,7014,51

584,185,158,21317,7048,50

585,165,130,21366,7082,51

586,152,123,21420,7130,52

587,141,118,21472,7178,55

588,132,108,21502,7220,55

589,120,110,21545,7263,57

590,107,104,21565,7298,56

591,107,95,21579,7353,52

592,114,99,21608,7394,53

593,102,87,21634,7446,47

594,91,100,21665,7497,45

595,96,96,21686,7542,44

596,87,94,21704,7602,53

597,91,85,21720,7658,54

598,90,75,21741,7706,51

599,95,88,21759,7762,49

600,89,85,21777,7806,45

601,89,92,21795,7853,45

602,75,86,21806,7913,43

603,68,84,21824,7969,33

604,78,86,21833,8023,32

605,81,86,21833,8085,42

606,91,91,21852,8137,39

607,88,86,21870,8184,45

608,94,69,21890,8242,44

609,98,79,21883,8294,52

610,85,81,21876,8331,53

611,82,77,21881,8399,52

612,91,78,21893,8451,53

613,90,75,21889,8496,50

614,93,76,21880,8548,44

615,102,73,21864,8598,44

616,103,67,21834,8645,44

617,93,62,21823,8687,48

618,81,55,21804,8750,43

619,79,61,21770,8801,43

620,76,70,21760,8846,39

621,83,64,21722,8909,43

622,88,55,21676,8962,45

623,88,72,21635,9022,46

624,87,67,21591,9079,49

625,86,76,21511,9116,54

626,90,83,21436,9179,51

627,80,92,21333,9241,42

628,85,100,21234,9301,45

629,92,90,21086,9346,42

630,87,75,20938,9406,43

631,101,72,20787,9478,43

632,86,60,20592,9539,41

633,89,58,20417,9608,46

634,87,67,20245,9663,39

635,85,68,20036,9728,42

636,89,81,19780,9787,33

637,108,80,19537,9856,35

638,105,89,19244,9910,37

639,103,81,18882,9979,29

640,100,78,18595,10031,34

641,97,74,18248,10090,45

642,100,86,17904,10142,49

643,97,85,17534,10202,45

644,107,82,17115,10248,52

645,102,67,16707,10305,53

646,111,71,16291,10358,57

647,124,74,15819,10412,62

648,108,86,15420,10480,74

649,115,98,15028,10538,79

650,126,94,14587,10602,80

651,150,104,14137,10658,87

652,166,103,13735,10718,82

653,179,120,13301,10768,89

654,200,141,12950,10812,94

655,205,151,12559,10877,95

656,208,148,12159,10941,77

657,226,173,11783,10992,82

658,249,180,11454,11037,92

659,271,204,11125,11077,91

660,305,244,10750,11126,102

661,348,285,10422,11175,115

662,381,313,10101,11211,124

663,451,345,9845,11250,121

664,493,392,9599,11284,118

665,539,452,9346,11303,123

666,621,525,9157,11326,131

667,679,564,8970,11347,143

668,708,607,8779,11382,141

669,772,715,8632,11402,139

670,834,801,8484,11408,139

671,944,846,8379,11421,138

672,975,939,8299,11399,137

673,1058,1035,8202,11404,139

674,1124,1139,8170,11392,135

675,1204,1221,8106,11361,140

676,1289,1293,8084,11329,146

677,1423,1410,8074,11287,151

678,1529,1526,8073,11241,154

679,1638,1639,8099,11194,152

680,1744,1791,8137,11139,165

681,1858,1950,8202,11088,166

682,1986,2114,8276,11001,171

683,2098,2276,8339,10909,170

684,2208,2447,8441,10828,176

685,2334,2587,8585,10716,168

686,2475,2715,8733,10583,166

687,2582,2815,8878,10441,166

688,2687,2989,9062,10325,172

689,2737,3090,9261,10180,183

690,2736,3178,9474,10013,180

691,2753,3331,9704,9880,175

692,2732,3412,9954,9716,180

693,2693,3406,10237,9606,181

694,2627,3365,10529,9422,183

695,2617,3318,10783,9268,193

696,2656,3321,11050,9103,196

697,2650,3302,11321,8958,200

698,2582,3237,11624,8801,194

699,2567,3236,11946,8646,190

700,2527,3218,12243,8500,185

701,2496,3105,12546,8330,179

702,2368,3057,12883,8182,168

703,2280,2907,13177,8074,178

704,2175,2825,13502,7927,174

705,2083,2758,13787,7788,174

706,1994,2651,14055,7665,168

707,1926,2550,14341,7568,168

708,1806,2439,14606,7485,172

709,1682,2310,14900,7402,169

710,1656,2207,15160,7301,157

711,1586,2093,15398,7227,144

712,1472,1971,15633,7164,146

713,1367,1827,15883,7115,149

714,1254,1668,16109,7070,149

715,1146,1536,16322,7039,140

716,1040,1375,16536,7004,133

717,1008,1228,16707,6963,124

718,955,1132,16885,6937,120

719,849,1031,17064,6939,122

720,782,897,17214,6932,120

721,704,812,17349,6952,112

722,610,753,17454,6966,121

723,567,659,17565,6989,114

724,531,583,17649,7005,109

725,511,520,17739,7022,100

726,464,469,17812,7058,95

727,401,438,17897,7063,92

728,355,402,17971,7083,85

729,333,352,18039,7110,81

730,296,315,18107,7152,78

731,288,316,18180,7184,75

732,284,301,18254,7214,75

733,266,285,18302,7241,74

734,255,258,18352,7282,73

735,216,246,18402,7319,75

736,178,223,18445,7352,82

737,170,200,18481,7391,76

738,167,205,18510,7432,78

739,147,179,18524,7479,78

740,145,167,18566,7513,69

741,152,163,18599,7565,70

742,143,150,18622,7616,62

743,137,161,18644,7681,61

744,130,160,18662,7739,58

745,128,167,18673,7805,61

746,140,162,18693,7841,53

747,145,158,18718,7882,53

748,152,154,18731,7935,53

749,143,163,18746,7984,52

750,162,151,18744,8030,56

751,173,134,18762,8076,61

752,187,125,18757,8123,56

753,180,115,18773,8159,55

754,169,113,18773,8214,51

755,164,129,18768,8261,48

756,151,115,18782,8316,50

757,142,112,18769,8356,49

758,158,103,18757,8411,45

759,173,106,18763,8474,45

760,186,119,18737,8513,51

761,196,123,18714,8562,56

762,178,104,18674,8601,46

763,162,97,18642,8642,49

764,137,105,18627,8687,48

765,144,98,18581,8739,59

766,152,106,18533,8785,69

767,146,98,18491,8825,57

768,148,95,18442,8892,52

769,160,103,18385,8946,49

770,151,95,18319,9007,42

771,135,94,18242,9072,47

772,136,105,18156,9130,50

773,145,121,18051,9205,52

774,137,116,17965,9253,44

775,150,121,17861,9309,53

776,150,115,17753,9358,52

777,161,100,17578,9427,57

778,162,107,17416,9482,58

779,165,115,17221,9535,57

780,165,113,17025,9596,57

781,167,119,16862,9651,53

782,167,123,16673,9712,53

783,175,131,16464,9771,43

784,203,156,16220,9823,48

785,211,147,16010,9875,49

786,226,150,15783,9922,51

787,241,148,15576,9961,49

788,243,171,15311,10006,48

789,252,181,15051,10071,58

790,263,181,14797,10108,67

791,276,194,14564,10148,60

792,297,195,14246,10202,67

793,295,188,13946,10255,72

794,321,196,13678,10290,71

795,344,190,13397,10338,72

796,378,191,13112,10383,76

797,402,194,12811,10437,78

798,405,206,12507,10480,71

799,413,234,12269,10523,84

800,429,248,11976,10545,103

801,462,271,11748,10571,110

802,495,285,11486,10623,110

803,530,333,11267,10647,104

804,564,351,11034,10663,108

805,579,374,10854,10685,98

806,661,380,10622,10720,98

807,697,428,10414,10748,103

808,731,452,10224,10764,111

809,744,486,10039,10792,105

810,792,540,9879,10808,120

811,801,588,9770,10833,117

812,805,665,9631,10821,120

813,841,750,9534,10832,118

814,810,809,9409,10842,126

815,842,870,9326,10842,124

816,857,912,9267,10842,119

817,893,1014,9179,10816,129

818,905,1151,9110,10816,128

819,968,1275,9052,10770,128

820,1029,1336,9012,10752,121

821,1058,1457,8971,10701,130

822,1099,1544,8961,10674,142

823,1193,1658,8956,10654,146

824,1237,1771,8977,10632,155

825,1280,1874,8992,10576,157

826,1331,2016,9049,10502,153

827,1435,2107,9122,10419,148

828,1455,2194,9170,10369,142

829,1530,2240,9236,10296,152

830,1549,2293,9343,10239,155

831,1634,2378,9473,10149,158

832,1730,2444,9581,10066,157

833,1822,2459,9695,9953,148

834,1914,2471,9859,9854,142

835,2005,2454,10010,9735,148

836,2105,2466,10156,9614,144

837,2205,2516,10324,9525,145

838,2316,2482,10492,9431,141

839,2359,2480,10689,9306,136

840,2358,2509,10856,9177,138

841,2309,2464,11096,9063,136

842,2316,2396,11286,8960,139

843,2279,2347,11536,8846,140

844,2261,2411,11758,8739,139

845,2181,2385,11969,8648,134

846,2089,2297,12197,8540,129

847,2031,2230,12416,8439,130

848,1922,2110,12661,8362,126

849,1819,2025,12896,8279,123

850,1664,1972,13100,8215,117

851,1583,1949,13312,8141,116

852,1472,1896,13529,8060,116

853,1396,1800,13698,8006,124

854,1333,1751,13879,7948,135

855,1271,1675,14068,7908,126

856,1179,1619,14243,7870,126

857,1090,1525,14415,7846,124

858,1045,1380,14585,7829,116

859,945,1273,14704,7794,114

860,916,1235,14837,7773,121

861,911,1179,14976,7762,116

862,878,1115,15095,7756,116

863,815,1060,15236,7733,111

864,800,1024,15341,7708,111

865,798,948,15452,7694,105

866,809,913,15552,7701,112

867,791,837,15668,7710,125

868,771,779,15767,7705,108

869,787,739,15858,7705,91

870,780,677,15969,7710,88

871,737,653,16050,7729,89

872,699,656,16116,7738,84

873,637,595,16210,7744,88

874,590,568,16290,7751,82

875,595,531,16362,7768,85

876,553,499,16431,7790,93

877,480,484,16517,7803,89

878,435,418,16591,7841,75

879,403,395,16654,7855,77

880,362,406,16707,7877,73

881,320,397,16752,7905,70

882,280,379,16796,7939,66

883,256,371,16832,7975,71

884,270,349,16848,8040,74

885,255,339,16883,8079,74

886,246,337,16939,8141,79

887,237,339,16987,8177,74

888,228,347,17011,8222,86

889,211,332,17044,8248,86

890,208,296,17088,8292,86

891,192,267,17119,8343,81

892,181,274,17136,8381,80

893,184,259,17146,8429,79

894,172,253,17165,8472,83

895,166,250,17179,8513,78

896,181,226,17154,8560,68

897,167,220,17141,8595,67

898,164,186,17135,8645,71

899,163,195,17118,8699,77

900,141,189,17104,8772,72

901,156,175,17104,8816,68

902,173,180,17091,8860,68

903,182,172,17094,8917,73

904,170,171,17084,8958,70

905,176,170,17055,9017,74

906,171,171,17019,9065,70

907,166,157,16995,9114,72

908,164,158,16972,9164,69

909,160,153,16949,9226,69

910,159,149,16889,9281,74

911,152,138,16865,9321,71

912,154,156,16843,9368,71

913,139,166,16792,9435,78

914,137,157,16741,9477,76

915,131,159,16685,9510,69

916,133,159,16610,9566,68

917,134,138,16539,9620,74

918,144,138,16427,9675,71

919,132,139,16322,9743,67

920,133,144,16258,9786,58

921,133,140,16154,9842,57

922,135,143,16051,9876,62

923,147,150,15924,9922,65

924,154,157,15807,9963,67

925,158,156,15637,10030,70

926,180,153,15510,10080,77

927,174,137,15338,10098,77

928,186,129,15170,10153,85

929,185,145,14977,10194,88

930,179,143,14807,10235,79

931,177,165,14605,10292,83

932,182,183,14425,10338,84

933,191,195,14233,10394,79

934,193,195,14017,10430,81

935,212,206,13798,10476,76

936,218,214,13588,10495,81

937,224,231,13377,10536,79

938,246,222,13167,10598,80

939,271,244,12972,10651,86

940,277,275,12807,10678,96

941,280,296,12621,10719,96

942,297,293,12405,10774,89

943,318,324,12194,10798,103

944,314,368,11999,10848,103

945,331,372,11816,10864,115

946,380,401,11662,10915,119

947,400,425,11459,10966,122

948,407,451,11274,10987,110

949,444,519,11137,11027,116

950,489,554,11022,11045,109

951,532,572,10869,11077,123

952,571,595,10754,11103,121

953,591,642,10627,11142,120

954,651,702,10491,11149,117

955,719,752,10393,11156,118

956,805,818,10302,11141,114

957,861,870,10219,11132,119

958,896,963,10159,11146,117

959,980,1055,10076,11142,121

960,1068,1048,10023,11118,123

961,1150,1121,9985,11094,116

962,1223,1198,9953,11058,120

963,1298,1282,9930,11036,116

964,1356,1373,9909,11008,130

965,1398,1466,9935,10966,137

966,1449,1534,9969,10916,130

967,1514,1615,10033,10861,131

968,1547,1689,10050,10812,136

969,1554,1779,10103,10763,132

970,1588,1840,10189,10718,124

971,1639,1882,10235,10646,124

972,1667,1979,10311,10552,127

973,1692,2067,10397,10490,131

974,1711,2121,10513,10402,129

975,1708,2130,10628,10337,126

976,1715,2165,10758,10220,130

977,1735,2254,10870,10127,124

978,1810,2280,10967,10046,131

979,1732,2339,11106,9965,124

980,1723,2414,11247,9872,122

981,1761,2429,11409,9769,122

982,1716,2370,11562,9672,122

983,1704,2300,11768,9557,119

984,1676,2226,11983,9458,118

985,1622,2147,12193,9376,118

986,1645,2117,12372,9292,123

987,1674,2069,12537,9235,126

988,1645,2064,12704,9148,117

989,1636,2016,12870,9080,119

990,1559,1961,13068,9020,119

991,1498,1900,13237,8940,129

992,1432,1915,13393,8893,125

993,1428,1833,13573,8814,127

994,1393,1765,13742,8749,119

995,1324,1731,13887,8678,110

996,1282,1718,14059,8602,106

997,1271,1719,14217,8561,108

998,1189,1646,14381,8507,107

999,1142,1626,14533,8471,97

1000,1073,1603,14676,8456,99

1001,992,1590,14827,8401,101

1002,965,1532,14939,8364,101

1003,947,1476,15088,8346,86

1004,908,1434,15219,8310,87

1005,871,1438,15342,8271,83

1006,814,1371,15467,8251,94

1007,756,1303,15588,8248,98

1008,742,1276,15698,8230,87

1009,671,1224,15807,8213,86

1010,643,1205,15882,8226,83

1011,602,1131,15980,8233,91

1012,573,1036,16087,8236,93

1013,542,988,16183,8231,92

1014,498,910,16249,8237,91

1015,488,888,16345,8250,80

1016,479,851,16410,8283,83

1017,446,787,16502,8302,85

1018,434,746,16569,8305,83

1019,447,717,16637,8337,91

1020,436,666,16691,8369,86

1021,424,648,16740,8379,83

1022,428,585,16797,8413,83

1023,404,541,16859,8438,79

1024,385,488,16914,8457,75

1025,389,476,16975,8467,72

1026,391,435,17014,8488,82

1027,375,399,17058,8522,80

1028,354,384,17100,8550,85

1029,323,358,17125,8584,79

1030,306,330,17146,8610,68

1031,306,314,17177,8652,69

1032,289,268,17215,8706,59

1033,279,241,17254,8754,59

1034,263,217,17268,8794,64

1035,250,199,17280,8835,66

1036,255,187,17304,8899,67

1037,219,206,17305,8957,69

1038,210,189,17298,9010,75

1039,197,164,17303,9071,73

1040,187,147,17305,9121,88

1041,197,144,17307,9163,86

1042,213,133,17290,9198,69

1043,227,92,17304,9258,74

1044,209,107,17292,9316,68

1045,208,113,17290,9359,65

1046,180,122,17278,9407,62

1047,178,110,17261,9462,62

1048,162,116,17234,9515,62

1049,146,123,17188,9563,66

1050,128,126,17124,9624,75

1051,124,115,17109,9671,73

1052,118,126,17025,9729,70

1053,110,142,16964,9774,71

1054,115,142,16905,9831,73

1055,120,151,16853,9891,65

1056,128,169,16770,9941,63

1057,122,172,16667,9984,68

1058,128,178,16572,10029,72

1059,134,172,16497,10092,64

1060,145,191,16400,10149,62

1061,164,196,16280,10206,60

1062,166,199,16183,10248,54

1063,173,203,16041,10297,55

1064,190,196,15921,10342,55

1065,213,198,15744,10381,63

1066,232,204,15628,10437,61

1067,240,213,15477,10479,58

1068,237,222,15295,10508,65

1069,264,231,15145,10552,65

1070,278,275,14978,10599,58

1071,291,298,14796,10655,67

1072,314,300,14618,10696,80

1073,316,293,14428,10749,74

1074,322,317,14195,10808,78

1075,339,346,14015,10839,87

1076,329,380,13841,10872,96

1077,341,398,13679,10911,96

1078,332,421,13507,10940,100

1079,329,472,13308,10986,104

1080,330,495,13156,11003,106

1081,359,503,12996,11041,111

1082,378,554,12828,11068,102

1083,399,583,12689,11104,107

1084,419,629,12561,11139,103

1085,446,656,12426,11154,103

1086,498,688,12270,11177,106

1087,517,708,12146,11195,98

1088,530,723,12001,11228,100

1089,573,776,11878,11249,101

1090,615,818,11776,11248,113

1091,627,819,11675,11276,112

1092,685,829,11565,11270,114

1093,745,841,11437,11284,118

1094,815,846,11346,11304,121

1095,835,894,11255,11298,120

1096,890,929,11175,11311,115

1097,958,965,11077,11282,114

1098,1048,968,11023,11297,116

1099,1076,954,10980,11280,134

1100,1137,969,10962,11254,132

1101,1205,990,10936,11243,123

1102,1218,1005,10883,11217,125

1103,1209,1050,10866,11206,122

1104,1266,1037,10833,11189,117

1105,1339,1061,10811,11164,121

1106,1433,1142,10808,11114,117

1107,1458,1137,10806,11075,120

1108,1505,1119,10825,11039,126

1109,1563,1136,10862,11003,122

1110,1672,1147,10894,10971,118

1111,1705,1172,10915,10924,111

1112,1766,1197,10928,10882,113

1113,1820,1207,11023,10827,105

1114,1874,1205,11079,10772,109

1115,1851,1222,11151,10723,121

1116,1897,1240,11212,10672,123

1117,1938,1295,11289,10609,119

1118,1971,1326,11378,10523,124

1119,2036,1325,11473,10487,128

1120,2047,1316,11608,10429,125

1121,2070,1309,11726,10373,125

1122,2101,1362,11860,10265,121

1123,2074,1421,11977,10180,130

1124,2028,1420,12108,10131,123

1125,2030,1488,12222,10051,121

1126,2017,1579,12364,9968,115

1127,1993,1640,12516,9875,117

1128,1978,1700,12659,9809,116

1129,2000,1708,12803,9699,117

1130,1952,1701,12980,9608,124

1131,1889,1724,13158,9537,120

1132,1867,1668,13327,9470,116

1133,1807,1608,13498,9413,108

1134,1768,1596,13660,9339,103

1135,1684,1493,13810,9278,102

1136,1623,1455,13991,9207,107

1137,1599,1461,14163,9154,113

1138,1550,1420,14304,9106,112

1139,1528,1371,14461,9069,107

1140,1478,1318,14592,9014,117

1141,1424,1226,14739,8962,108

1142,1369,1139,14891,8934,117

1143,1343,1118,14989,8903,103

1144,1324,1076,15151,8860,103

1145,1301,1026,15282,8830,100

1146,1258,1035,15391,8787,92

1147,1220,1001,15518,8738,91

1148,1178,980,15637,8724,87

1149,1130,991,15732,8719,90

1150,1097,995,15837,8683,82

1151,1057,959,15918,8666,82

1152,1018,910,15991,8683,77

1153,977,874,16097,8686,80

1154,908,854,16190,8695,78

1155,881,809,16279,8697,77

1156,840,774,16391,8708,83

1157,781,725,16506,8697,81

1158,744,734,16566,8719,81

1159,688,730,16638,8707,82

1160,612,697,16693,8731,69

1161,568,668,16765,8749,71

1162,512,621,16838,8763,67

1163,456,593,16891,8782,69

1164,417,591,16933,8798,65

1165,391,565,16998,8816,64

1166,349,539,17069,8852,64

1167,310,506,17120,8877,60

1168,305,522,17173,8912,57

1169,299,499,17200,8926,66

1170,314,460,17208,8970,71

1171,299,406,17227,9006,69

1172,268,401,17273,9025,75

1173,268,403,17312,9062,73

1174,233,395,17329,9104,83

1175,212,378,17334,9146,82

1176,200,355,17349,9184,80

1177,213,325,17363,9220,86

1178,225,316,17364,9271,84

1179,204,306,17378,9319,77

1180,180,302,17369,9366,80

1181,178,311,17377,9429,75

1182,185,290,17381,9479,82

1183,199,274,17389,9526,82

1184,178,265,17398,9570,83

1185,165,250,17390,9633,81

1186,151,246,17367,9680,79

1187,163,233,17332,9725,79

1188,157,244,17309,9772,79

1189,159,225,17265,9814,69

1190,151,218,17216,9857,73

1191,141,229,17182,9921,74

1192,136,232,17127,9974,74

1193,130,230,17064,10036,75

1194,130,232,17010,10096,80

1195,117,236,16947,10126,78

1196,133,238,16866,10193,81

1197,133,205,16804,10250,77

1198,131,179,16749,10299,71

1199,135,190,16669,10343,67

1200,130,191,16585,10406,62

1201,151,187,16478,10460,68

1202,151,192,16385,10517,67

1203,156,197,16290,10570,62

1204,160,215,16178,10623,65

1205,166,226,16080,10679,66

1206,165,227,15937,10731,65

1207,156,218,15816,10779,66

1208,151,225,15707,10834,74

1209,157,250,15564,10905,71

1210,192,253,15410,10957,65

1211,190,259,15288,11009,68

1212,204,274,15146,11060,72

1213,197,301,15018,11115,72

1214,193,314,14862,11152,88

1215,202,333,14713,11208,85

1216,210,362,14581,11262,85

1217,242,391,14407,11291,87

1218,272,428,14255,11346,89

1219,304,476,14077,11399,93

1220,335,517,13928,11453,93

1221,370,544,13790,11471,86

1222,400,557,13632,11507,91

1223,393,567,13500,11542,87

1224,438,577,13340,11566,96

1225,449,611,13166,11598,99

1226,470,634,13037,11640,95

1227,489,667,12928,11684,96

1228,526,744,12787,11702,86

1229,554,782,12673,11713,83

1230,555,842,12562,11718,91

1231,634,900,12431,11727,94

1232,666,961,12307,11715,99

1233,656,994,12231,11730,98

1234,704,1045,12133,11726,93

1235,728,1139,12041,11728,91

1236,735,1235,11992,11728,87

1237,748,1322,11902,11729,87

1238,747,1368,11835,11693,88

1239,792,1485,11760,11675,99

1240,812,1572,11718,11667,98

1241,861,1562,11681,11644,103

1242,874,1611,11624,11623,98

1243,909,1670,11577,11579,98

1244,931,1679,11566,11549,92

1245,987,1732,11563,11525,88

1246,1052,1770,11544,11486,97

1247,1116,1799,11572,11449,112

1248,1176,1802,11581,11394,105

1249,1206,1784,11626,11355,100

1250,1228,1813,11668,11297,109

1251,1245,1826,11697,11268,99

1252,1282,1805,11728,11230,96

1253,1262,1758,11801,11175,99

1254,1284,1762,11866,11124,100

1255,1273,1846,11916,11067,103

1256,1275,1892,11963,11009,108

1257,1257,1921,12039,10931,115

1258,1199,1946,12112,10887,121

1259,1121,1995,12186,10843,127

1260,1117,1983,12263,10797,122

1261,1113,1987,12342,10762,128

1262,1083,1933,12432,10711,127

1263,1117,1910,12537,10664,126

1264,1125,1939,12620,10601,115

1265,1091,1942,12728,10551,103

1266,1088,1969,12802,10508,114

1267,1094,1982,12905,10451,115

1268,1140,1972,13001,10400,114

1269,1116,1966,13137,10355,106

1270,1108,1995,13256,10296,110

1271,1083,1963,13362,10230,116

1272,1071,1973,13484,10185,120

1273,1079,1911,13611,10110,123

1274,1089,1903,13749,10079,123

1275,1096,1832,13859,10039,125

1276,1085,1764,14020,10003,111

1277,1065,1754,14143,9985,105

1278,1060,1705,14270,9947,115

1279,1062,1628,14399,9918,107

1280,1089,1530,14529,9871,106

1281,1043,1423,14670,9843,109

1282,1038,1357,14795,9803,106

1283,1065,1273,14913,9787,92

1284,1039,1201,15024,9767,83

1285,1047,1186,15132,9750,78

1286,1052,1136,15231,9725,78

1287,1064,1080,15334,9691,81

1288,1039,993,15428,9669,83

1289,1069,974,15519,9658,83

1290,1036,936,15629,9654,90

1291,1045,860,15728,9624,89

1292,1008,811,15855,9601,84

1293,1015,799,15952,9596,78

1294,1031,761,16041,9579,83

1295,1027,745,16147,9578,85

1296,1027,718,16230,9578,76

1297,966,668,16327,9599,82

1298,938,663,16413,9620,81

1299,912,634,16476,9638,80

1300,885,597,16535,9642,79

1301,859,571,16603,9644,72

1302,866,546,16666,9659,62

1303,873,510,16730,9645,64

1304,854,472,16803,9672,70

1305,815,452,16855,9690,65

1306,807,432,16930,9698,70

1307,777,410,16993,9724,69

1308,731,421,17031,9761,60

1309,695,387,17066,9791,61

1310,666,370,17082,9818,64

1311,603,350,17141,9826,57

1312,571,313,17171,9862,60

1313,558,298,17211,9891,63

1314,516,294,17233,9908,64

1315,497,283,17250,9936,66

1316,473,277,17262,9971,57

1317,422,261,17285,10003,61

1318,400,267,17307,10039,71

1319,385,270,17314,10072,77

1320,366,279,17308,10118,69

1321,339,291,17302,10164,63

1322,294,267,17299,10209,65

1323,277,248,17277,10258,65

1324,248,257,17264,10293,76

1325,239,235,17238,10352,83

1326,253,226,17234,10392,78

1327,249,223,17203,10430,79

1328,213,226,17157,10478,72

1329,195,245,17106,10526,77

1330,202,230,17041,10570,74

1331,206,226,16992,10607,72

1332,238,241,16953,10661,67

1333,247,241,16894,10704,72

1334,251,236,16832,10737,76

1335,256,243,16763,10774,78

1336,278,247,16729,10823,73

1337,312,240,16623,10862,62

1338,316,228,16545,10900,54

1339,326,220,16460,10939,53

1340,331,231,16372,10970,55

1341,330,218,16292,11012,58

1342,333,222,16189,11053,54

1343,332,230,16077,11099,52

1344,343,220,15982,11142,57

1345,353,217,15886,11181,52

1346,363,225,15788,11212,64

1347,381,229,15668,11246,65

1348,376,229,15534,11309,70

1349,381,240,15420,11355,67

1350,378,241,15314,11398,65

1351,407,252,15191,11424,71

1352,434,283,15055,11465,65

1353,434,297,14948,11502,71

1354,475,310,14826,11535,72

1355,490,320,14701,11557,70

1356,474,336,14524,11594,70

1357,458,348,14436,11607,70

1358,480,379,14306,11636,79

1359,504,412,14163,11666,79

1360,493,468,14016,11712,83

1361,514,509,13855,11747,77

1362,522,531,13683,11776,68

1363,545,560,13597,11800,78

1364,574,615,13439,11819,72

1365,550,653,13277,11854,79

1366,552,663,13168,11876,78

1367,592,666,13033,11892,89

1368,609,706,12897,11912,96

1369,622,739,12786,11934,99

1370,637,786,12684,11944,103

1371,666,818,12564,11947,103

1372,701,842,12462,11968,109

1373,708,888,12334,11983,100

1374,728,955,12257,11973,101

1375,748,1009,12188,11984,109

1376,758,1057,12097,11978,110

1377,780,1104,12063,11963,113

1378,815,1149,12030,11955,112

1379,825,1188,11989,11946,110

1380,869,1276,11963,11930,116

1381,921,1384,11920,11888,119

1382,961,1462,11876,11861,121

1383,990,1523,11832,11850,118

1384,1017,1623,11834,11808,113

1385,1046,1725,11805,11772,116

1386,1065,1801,11808,11703,122

1387,1101,1834,11831,11663,123

1388,1149,1855,11884,11628,128

1389,1237,1902,11888,11580,128

1390,1311,1925,11931,11531,120

1391,1374,1912,12010,11464,120

1392,1392,1907,12088,11390,127

1393,1424,1885,12173,11341,132

1394,1434,1889,12239,11280,126

1395,1449,1844,12315,11220,121

1396,1461,1807,12384,11171,124

1397,1470,1826,12432,11100,120

1398,1466,1840,12521,11044,127

1399,1444,1866,12615,11013,128

1400,1397,1815,12712,10954,121

1401,1388,1762,12841,10922,116

1402,1314,1790,12955,10864,114

1403,1314,1809,13065,10829,112

1404,1334,1805,13157,10764,117

1405,1319,1782,13235,10730,118

1406,1298,1779,13342,10697,118

1407,1307,1750,13435,10644,118

1408,1284,1787,13557,10587,115

1409,1308,1804,13669,10534,109

1410,1328,1709,13756,10511,113

1411,1329,1681,13857,10476,108

1412,1354,1661,14007,10408,106

1413,1394,1624,14136,10360,106

1414,1447,1601,14261,10295,108

1415,1444,1599,14402,10241,108

1416,1426,1539,14535,10199,102

1417,1371,1584,14671,10158,110

1418,1324,1553,14811,10116,106

1419,1293,1491,14969,10091,102

1420,1235,1436,15090,10060,94

1421,1176,1402,15254,10016,101

1422,1147,1377,15369,9978,101

1423,1073,1331,15499,9962,99

1424,1023,1299,15631,9962,91

1425,982,1269,15741,9935,92

1426,925,1184,15861,9909,87

1427,874,1136,15985,9885,76

1428,814,1087,16103,9871,76

1429,811,1068,16191,9857,70

1430,806,988,16265,9845,75

1431,801,966,16363,9827,69

1432,758,938,16457,9833,71

1433,717,889,16546,9849,72

1434,702,828,16622,9857,76

1435,700,798,16698,9889,75

1436,702,765,16765,9897,68

1437,667,729,16836,9913,69

1438,646,683,16893,9921,61

1439,587,618,16963,9943,67

1440,593,583,17012,9956,70

1441,570,553,17079,9977,71

1442,506,531,17142,9997,72

1443,466,489,17203,10024,62

1444,446,494,17246,10042,66

1445,432,505,17270,10081,67

1446,396,488,17301,10118,64

1447,359,485,17353,10139,61

1448,341,471,17403,10156,61

1449,329,459,17419,10201,59

1450,300,443,17426,10240,54

1451,296,420,17443,10282,61

1452,293,417,17446,10302,67

1453,302,393,17481,10353,61

1454,299,407,17511,10388,54

1455,284,399,17523,10418,56

1456,283,414,17544,10447,56

1457,290,415,17549,10490,54

1458,285,424,17554,10523,60

1459,281,444,17529,10555,57

1460,313,435,17520,10592,52

1461,349,458,17532,10638,48

1462,379,462,17520,10684,52

1463,395,494,17486,10733,54

1464,393,502,17480,10765,63

1465,408,505,17483,10796,67

1466,415,527,17466,10830,77

1467,420,515,17447,10866,81

1468,416,507,17414,10890,80

1469,398,533,17378,10897,69

1470,399,532,17348,10930,74

1471,392,544,17326,10956,74

1472,386,569,17290,10958,72

1473,380,585,17255,10999,62

1474,373,574,17226,11029,73

1475,350,564,17198,11060,67

1476,331,563,17158,11094,70

1477,339,547,17097,11146,64

1478,361,546,17028,11184,65

1479,354,538,16983,11200,68

1480,339,527,16905,11244,72

1481,341,506,16842,11275,71

1482,350,512,16781,11297,76

1483,357,495,16669,11343,70

1484,362,477,16555,11400,73

1485,377,486,16468,11428,72

1486,378,467,16347,11463,75

1487,385,461,16274,11483,78

1488,394,450,16158,11506,74

1489,420,433,16085,11538,80

1490,390,419,15987,11565,74

1491,401,436,15869,11576,79

1492,409,439,15730,11614,74

1493,436,440,15610,11647,70

1494,445,444,15513,11669,71

1495,442,432,15391,11690,73

1496,448,434,15245,11720,77

1497,431,443,15121,11760,70

1498,445,454,14965,11811,78

1499,466,482,14853,11858,82

1500,462,486,14740,11883,83

1501,494,497,14600,11907,90

1502,529,533,14481,11940,92

1503,529,566,14366,11962,94

1504,515,578,14235,11977,83

1505,541,575,14118,12011,85

1506,558,607,14012,12047,82

1507,565,632,13867,12084,87

1508,586,652,13745,12109,85

1509,587,726,13619,12133,82

1510,590,715,13505,12146,81

1511,566,728,13379,12162,82

1512,596,793,13237,12166,83

1513,623,830,13135,12156,74

1514,666,859,13010,12179,79

1515,690,886,12927,12184,85

1516,758,945,12848,12219,91

1517,783,969,12768,12215,84

1518,824,1009,12701,12189,87

1519,856,1078,12635,12189,91

1520,887,1132,12545,12184,86

1521,951,1214,12477,12173,80

1522,1033,1272,12412,12156,79

1523,1075,1340,12371,12152,85

1524,1139,1440,12310,12115,88

1525,1194,1525,12317,12082,93

1526,1230,1590,12325,12021,87

1527,1276,1617,12342,11968,82

1528,1313,1709,12354,11935,86

1529,1380,1757,12322,11907,92

1530,1403,1795,12377,11850,98

1531,1398,1847,12408,11794,106

1532,1385,1861,12459,11745,104

1533,1369,1892,12528,11695,99

1534,1387,1924,12612,11633,92

1535,1436,1993,12673,11557,95

1536,1435,2021,12768,11495,92

1537,1439,2078,12894,11407,93

1538,1423,2091,12962,11337,95

1539,1419,2101,13098,11257,99

1540,1448,2160,13213,11165,103

1541,1432,2154,13349,11091,105

1542,1398,2189,13471,11031,105

1543,1382,2210,13597,10957,104

1544,1370,2198,13725,10871,101

1545,1302,2207,13858,10820,88

1546,1214,2208,13965,10747,95

1547,1198,2175,14080,10696,102

1548,1162,2146,14223,10643,104

1549,1166,2134,14330,10573,100

1550,1131,2106,14452,10494,101

1551,1145,2132,14615,10428,94

1552,1163,2148,14740,10384,95

1553,1159,2191,14883,10293,97

1554,1137,2192,15000,10233,88

1555,1117,2157,15136,10185,87

1556,1097,2142,15274,10136,83

1557,1087,2092,15423,10078,86

1558,1068,2056,15560,10031,93

1559,1034,1904,15719,9994,93

1560,1053,1822,15867,9925,92

1561,1029,1707,16005,9899,90

1562,990,1598,16151,9860,98

1563,909,1471,16296,9804,100

1564,858,1383,16418,9787,96

1565,818,1288,16550,9770,95

1566,767,1199,16655,9748,91

1567,706,1095,16743,9724,95

1568,668,1009,16846,9722,83

1569,637,909,16931,9711,85

1570,590,854,17031,9723,90

1571,583,817,17095,9747,88

1572,566,772,17172,9770,76

1573,583,736,17226,9789,76

1574,585,662,17274,9818,73

1575,555,645,17302,9832,70

1576,555,610,17364,9863,64

1577,529,552,17419,9878,66

1578,516,519,17454,9912,63

1579,500,470,17487,9932,61

1580,485,442,17548,9961,60

1581,440,424,17565,9994,60

1582,425,377,17593,10025,55

1583,390,345,17607,10061,59

1584,390,305,17615,10086,57

1585,394,279,17643,10135,57

1586,391,272,17654,10183,56

1587,398,282,17661,10234,56

1588,390,272,17647,10282,62

1589,394,262,17653,10327,68

1590,393,235,17668,10354,76

1591,386,226,17659,10397,73

1592,396,215,17678,10444,71

1593,392,199,17702,10473,59

1594,368,203,17698,10516,60

1595,367,199,17699,10542,60

1596,350,199,17697,10594,67

1597,331,197,17695,10637,71

1598,317,201,17704,10684,64

1599,333,202,17655,10708,58

1600,314,216,17638,10752,62

1601,314,220,17623,10776,58

1602,318,221,17594,10824,67

1603,340,237,17574,10868,75

1604,335,234,17560,10897,73

1605,320,248,17545,10938,64

1606,303,255,17511,10973,60

1607,323,258,17465,11031,51

1608,323,276,17429,11078,57

1609,326,310,17383,11139,63

1610,333,325,17335,11168,64

1611,352,317,17287,11206,74

1612,371,335,17244,11241,75

1613,364,326,17180,11286,75

1614,375,330,17128,11329,72

1615,393,301,17028,11369,66

1616,407,304,16948,11403,62

1617,406,304,16881,11456,58

1618,422,322,16783,11495,55

1619,414,316,16680,11560,51

1620,416,316,16614,11600,44

1621,411,337,16537,11642,46

1622,406,352,16421,11657,48

1623,393,391,16328,11701,56

1624,389,414,16214,11764,56

1625,360,448,16076,11796,56

1626,373,449,15985,11828,65

1627,367,471,15884,11844,70

1628,352,484,15730,11899,86

1629,377,514,15611,11930,87

1630,388,530,15455,11953,90

1631,400,531,15328,11977,80

1632,400,508,15165,12032,88

1633,433,497,14996,12053,85

1634,465,501,14857,12087,86

1635,472,534,14720,12089,85

1636,468,550,14545,12123,83

1637,459,576,14391,12148,79

1638,494,563,14248,12168,83

1639,543,583,14126,12171,86

1640,563,571,13956,12212,87

1641,544,581,13833,12249,80

1642,534,570,13696,12252,77

1643,525,570,13537,12267,70

1644,531,574,13414,12303,76

1645,553,560,13263,12297,86

1646,568,546,13136,12318,79

1647,578,556,13025,12330,85

1648,606,589,12905,12346,85

1649,624,634,12784,12373,83

1650,644,655,12678,12430,82

1651,667,654,12605,12432,96

1652,725,643,12487,12444,105

1653,772,683,12353,12451,110

1654,823,721,12247,12463,116

1655,845,758,12154,12486,111

1656,853,794,12039,12483,116

1657,918,859,11925,12487,121

1658,969,910,11838,12500,122

1659,1021,953,11767,12480,122

1660,1077,1052,11720,12454,116

1661,1116,1107,11689,12438,125

1662,1120,1155,11665,12418,127

1663,1162,1220,11643,12406,129

1664,1187,1237,11641,12363,126

1665,1246,1301,11631,12311,132

1666,1300,1362,11650,12281,124

1667,1345,1431,11713,12258,122

1668,1390,1445,11739,12217,118

1669,1436,1470,11798,12166,116

1670,1486,1555,11864,12127,110

1671,1479,1671,11900,12086,113

1672,1476,1693,11953,12021,114

1673,1486,1732,12048,11951,107

1674,1506,1835,12122,11918,99

1675,1517,1900,12195,11880,99

1676,1564,1985,12304,11814,107

1677,1548,2076,12395,11757,110

1678,1564,2107,12493,11692,107

1679,1594,2117,12578,11628,115

1680,1627,2173,12712,11563,120

1681,1590,2243,12803,11457,127

1682,1594,2275,12929,11384,133

1683,1612,2338,13093,11292,134

1684,1574,2287,13249,11217,131

1685,1576,2229,13433,11140,128

1686,1593,2240,13586,11081,125

1687,1540,2170,13724,11015,113

1688,1514,2161,13877,10931,112

1689,1477,2177,14043,10859,107

1690,1436,2136,14191,10786,99

1691,1454,2138,14379,10710,109

1692,1441,2123,14555,10622,112

1693,1429,2100,14719,10575,103

1694,1426,2033,14868,10501,100

1695,1406,1995,15028,10434,100

1696,1363,1962,15189,10379,96

1697,1322,1917,15353,10321,92

1698,1327,1856,15519,10274,93

1699,1264,1868,15655,10201,92

1700,1246,1823,15804,10152,92

1701,1217,1742,15937,10134,87

1702,1137,1659,16114,10064,85

1703,1128,1602,16285,10018,80

1704,1101,1544,16414,10003,81

1705,1081,1472,16535,9954,79

1706,1076,1426,16641,9940,78

1707,1039,1417,16739,9909,91

1708,998,1387,16860,9884,93

1709,977,1301,16959,9851,87

1710,920,1240,17063,9832,77

1711,886,1207,17170,9809,82

1712,882,1099,17257,9807,76

1713,871,1022,17363,9797,85

1714,838,916,17452,9794,77

1715,806,851,17515,9787,78

1716,787,803,17603,9789,68

1717,771,750,17688,9796,71

1718,730,673,17744,9797,66

1719,683,604,17813,9800,76

1720,647,552,17878,9806,79

1721,605,537,17928,9837,76

1722,582,486,17971,9873,74

1723,566,482,18009,9881,80

1724,539,469,18041,9900,73

1725,542,439,18070,9910,72

1726,500,430,18055,9920,71

1727,469,424,18098,9947,74

1728,440,403,18120,9987,70

1729,438,377,18152,10009,65

1730,428,396,18175,10037,59

1731,429,366,18186,10070,55

1732,418,351,18198,10108,51

1733,400,339,18194,10138,53

1734,396,325,18197,10166,59

1735,399,299,18223,10185,62

1736,410,295,18233,10221,60

1737,446,289,18236,10245,60

1738,465,309,18237,10286,56

1739,471,294,18210,10332,54

1740,476,294,18190,10344,46

1741,500,290,18189,10383,52

1742,515,305,18174,10408,48

1743,529,309,18158,10430,44

1744,572,302,18147,10452,48

1745,628,298,18124,10476,53

1746,645,306,18114,10484,56

1747,668,290,18085,10523,53

1748,666,299,18065,10573,54

1749,651,305,18053,10601,53

1750,653,319,18045,10642,51

1751,618,337,18026,10659,47

1752,625,341,17999,10687,46

1753,641,360,17969,10702,50

1754,626,377,17949,10726,53

1755,611,371,17920,10749,53

1756,610,389,17910,10781,55

1757,580,394,17840,10821,54

1758,561,384,17820,10831,59

1759,530,364,17783,10865,63

1760,482,359,17745,10899,66

1761,423,317,17713,10936,64

1762,392,285,17641,10990,60

1763,355,283,17572,11041,63

1764,342,279,17488,11094,74

1765,339,266,17404,11147,69

1766,329,261,17308,11195,65

1767,320,247,17184,11244,66

1768,333,249,17106,11294,74

1769,329,273,16984,11345,72

1770,315,300,16846,11388,69

1771,326,288,16687,11434,63

1772,321,288,16580,11489,58

1773,324,286,16425,11541,71

1774,333,292,16287,11587,71

1775,346,312,16143,11630,68

1776,350,324,16011,11671,68

1777,363,332,15821,11710,72

1778,373,319,15675,11750,74

1779,390,346,15551,11799,74

1780,427,390,15365,11856,86

1781,454,391,15201,11890,92

1782,513,421,15001,11939,87

1783,555,442,14791,11967,92

1784,634,441,14604,11994,88

1785,673,469,14420,12011,75

1786,709,488,14285,12030,76

1787,776,499,14132,12040,81

1788,816,485,13941,12057,81

1789,857,483,13778,12071,75

1790,904,550,13629,12075,68

1791,926,588,13470,12082,73

1792,947,622,13351,12102,80

1793,969,624,13234,12098,84

1794,1024,662,13126,12086,97

1795,1022,741,12979,12086,96

1796,1035,798,12856,12085,94

1797,1041,879,12760,12080,88

1798,1032,943,12660,12061,89

1799,1085,1017,12574,12045,88

1800,1109,1065,12528,12041,84

1801,1100,1088,12472,12040,89

1802,1118,1123,12406,12046,100

1803,1137,1128,12333,12036,97

1804,1151,1141,12285,12014,104

1805,1194,1160,12233,12021,110

1806,1203,1186,12247,11983,113

1807,1234,1178,12196,11952,121

1808,1239,1178,12176,11934,119

1809,1245,1192,12169,11915,119

1810,1265,1210,12137,11900,131

1811,1289,1226,12127,11854,126

1812,1312,1260,12166,11824,129

1813,1340,1305,12177,11800,133

1814,1367,1366,12182,11791,130

1815,1439,1378,12215,11746,121

1816,1478,1427,12266,11696,126

1817,1513,1474,12308,11641,129

1818,1551,1548,12341,11615,135

1819,1605,1522,12417,11557,145

1820,1687,1526,12467,11483,133

1821,1734,1579,12582,11403,127

1822,1773,1630,12663,11335,131

1823,1796,1635,12781,11304,130

1824,1856,1625,12887,11237,129

1825,1884,1625,12994,11168,130

1826,1955,1630,13123,11086,126

1827,1956,1644,13232,11031,120

1828,1969,1645,13388,10970,120

1829,2020,1716,13512,10912,119

1830,2062,1701,13646,10831,126

1831,2077,1732,13808,10751,126

1832,2051,1747,13956,10669,126

1833,2027,1767,14123,10586,127

1834,2003,1733,14281,10502,115

1835,2017,1736,14458,10434,105

1836,2009,1766,14616,10329,114

1837,1991,1732,14773,10275,110

1838,1975,1702,14946,10201,109

1839,1856,1668,15105,10146,106

1840,1782,1616,15272,10071,103

1841,1694,1554,15455,10030,99

1842,1672,1486,15615,9958,95

1843,1577,1489,15756,9922,97

1844,1490,1387,15896,9876,100

1845,1427,1340,16044,9828,100

1846,1388,1244,16182,9791,99

1847,1347,1200,16297,9756,95

1848,1241,1118,16434,9726,95

1849,1149,1054,16567,9688,89

1850,1067,1046,16686,9676,78

1851,1033,1001,16792,9661,86

1852,973,961,16884,9655,86

1853,919,910,16964,9665,87

1854,869,865,17036,9650,84

1855,833,831,17101,9650,77

1856,796,769,17177,9654,76

1857,743,719,17240,9661,67

1858,694,701,17286,9668,66

1859,642,675,17338,9671,71

1860,605,655,17380,9689,69

1861,589,611,17462,9705,67

1862,555,588,17497,9739,69

1863,572,542,17544,9763,67

1864,561,526,17585,9788,68

1865,537,519,17605,9820,66

1866,523,532,17632,9851,61

1867,478,500,17663,9882,71

1868,466,498,17717,9897,61

1869,468,468,17733,9921,62

1870,449,444,17753,9956,71

1871,420,398,17794,9970,68

1872,419,375,17832,10015,70

1873,417,380,17826,10069,64

1874,391,374,17827,10104,63

1875,381,344,17838,10146,56

1876,339,335,17837,10179,51

1877,333,303,17834,10219,54

1878,313,295,17830,10270,54

1879,307,266,17853,10294,58

1880,297,263,17864,10343,58

1881,296,256,17859,10399,58

1882,285,245,17835,10429,61

1883,272,243,17827,10484,55

1884,254,234,17790,10531,52

1885,240,245,17747,10565,52

1886,220,253,17711,10611,46

1887,231,258,17676,10685,55

1888,244,252,17644,10725,52

1889,259,288,17585,10772,52

1890,237,306,17531,10832,61

1891,269,308,17504,10874,51

1892,268,313,17430,10909,61

1893,285,314,17380,10960,59

1894,286,331,17333,11011,56

1895,309,340,17282,11048,64

1896,308,352,17222,11076,63

1897,313,352,17156,11120,62

1898,304,364,17085,11156,67

1899,306,350,17034,11200,74

1900,315,359,16972,11261,77

1901,309,352,16891,11294,67

1902,311,353,16778,11338,68

1903,316,377,16713,11373,67

1904,318,399,16639,11402,64

1905,330,409,16575,11446,65

1906,320,411,16510,11469,59

1907,351,427,16379,11511,64

1908,330,404,16294,11568,74

1909,331,397,16206,11613,65

1910,326,441,16080,11661,72

1911,330,485,15987,11683,80

1912,344,524,15869,11740,82

1913,333,541,15764,11767,79

1914,333,576,15636,11793,76

1915,320,579,15520,11836,74

1916,326,640,15373,11892,73

1917,333,694,15241,11920,71

1918,366,758,15117,11930,70

1919,389,824,14980,11953,70

1920,413,869,14829,11985,78

1921,419,940,14713,11995,79

1922,446,990,14597,12010,75

1923,474,1020,14467,12027,75

1924,500,1064,14325,12039,75

1925,541,1084,14209,12044,74

1926,546,1091,14061,12048,77

1927,570,1116,13922,12060,91

1928,631,1129,13810,12051,103

1929,687,1175,13694,12067,93

1930,706,1218,13575,12075,95

1931,713,1195,13474,12063,104

1932,758,1185,13383,12041,99

1933,771,1226,13313,12012,92

1934,793,1308,13203,12001,93

1935,841,1370,13110,12015,98

1936,861,1400,13011,11990,94

1937,871,1397,12929,11987,91

1938,898,1371,12859,11978,90

1939,905,1382,12777,11990,94

1940,951,1382,12696,11970,93

1941,994,1374,12620,11936,91

1942,1010,1370,12562,11932,94

1943,1037,1376,12524,11895,102

1944,1084,1332,12493,11885,109

1945,1129,1327,12469,11857,102

1946,1152,1343,12448,11808,100

1947,1189,1339,12447,11797,101

1948,1218,1354,12464,11751,99

1949,1266,1344,12477,11726,101

1950,1303,1320,12469,11667,97

1951,1366,1307,12480,11635,102

1952,1421,1303,12500,11590,109

1953,1461,1302,12532,11572,107

1954,1484,1297,12562,11535,112

1955,1589,1308,12631,11489,113

1956,1658,1307,12673,11456,110

1957,1707,1298,12703,11404,108

1958,1718,1329,12756,11369,112

1959,1758,1358,12842,11320,121

1960,1809,1383,12918,11283,121

1961,1875,1415,13015,11212,122

1962,1861,1447,13097,11146,128

1963,1912,1460,13235,11089,119

1964,1936,1496,13348,11057,125

1965,1960,1529,13463,10989,128

1966,1977,1542,13548,10928,126

1967,1947,1580,13684,10880,120

1968,1947,1608,13814,10803,115

1969,1922,1651,13964,10746,110

1970,1878,1633,14114,10681,116

1971,1797,1652,14239,10604,108

1972,1750,1634,14388,10512,107

1973,1762,1637,14579,10430,108

1974,1714,1669,14736,10380,105

1975,1629,1632,14918,10308,115

1976,1572,1638,15085,10241,120

1977,1514,1600,15234,10190,122

1978,1477,1559,15405,10154,123

1979,1409,1510,15548,10121,115

1980,1356,1476,15689,10091,115

1981,1303,1425,15835,10055,119

1982,1262,1417,15982,10004,117

1983,1239,1305,16127,9985,107

1984,1225,1234,16250,9951,110

1985,1126,1140,16384,9933,113

1986,1083,1079,16517,9913,114

1987,1041,1090,16629,9896,113

1988,1044,1072,16719,9877,111

1989,1021,1043,16830,9870,116

1990,978,1033,16929,9844,114

1991,981,1009,17029,9843,111

1992,955,962,17129,9846,103

1993,918,911,17212,9848,98

1994,860,883,17315,9828,83

1995,851,858,17384,9821,89

1996,818,788,17489,9814,87

1997,818,731,17552,9835,82

1998,817,728,17610,9848,82

1999,798,682,17670,9870,93

2000,765,650,17724,9866,93

2001,727,623,17765,9890,90

2002,682,583,17840,9913,81

2003,661,558,17876,9917,86

2004,663,541,17917,9933,67

2005,666,506,17976,9959,63

2006,646,488,18011,9977,69

2007,618,462,18030,9991,69

2008,584,443,18080,10025,59

2009,572,435,18076,10068,64

2010,557,423,18112,10092,62

2011,532,381,18137,10129,63

2012,488,372,18151,10148,63

2013,458,325,18149,10191,65

2014,445,326,18182,10207,65

2015,458,344,18200,10233,63

2016,442,341,18210,10276,69

2017,437,343,18174,10309,70

2018,435,343,18162,10359,63

2019,426,336,18155,10402,58

2020,427,333,18137,10450,56

2021,421,339,18103,10476,65

2022,434,355,18088,10515,62

2023,452,369,18083,10535,60

2024,457,348,18053,10573,58

2025,461,313,18028,10614,54

2026,463,295,17974,10659,51

2027,489,272,17940,10699,54

2028,478,275,17893,10733,53

2029,481,277,17810,10764,56

2030,500,277,17784,10788,61

2031,494,294,17744,10815,56

2032,483,307,17672,10873,51

2033,478,296,17625,10903,53

2034,496,263,17558,10950,62

2035,497,264,17500,10993,61

2036,490,263,17405,11036,58

2037,497,263,17329,11078,64

2038,502,273,17254,11091,60

2039,504,264,17203,11120,62

2040,501,268,17142,11155,58

2041,477,267,17066,11199,61

2042,489,289,16987,11226,64

2043,489,298,16912,11259,60

2044,501,288,16810,11282,59

2045,530,296,16745,11307,69

2046,545,321,16656,11351,65

2047,523,331,16560,11399,63

2048,516,338,16487,11409,56

2049,474,380,16407,11426,53

2050,472,391,16306,11460,59

2051,470,389,16211,11503,64

2052,473,408,16125,11551,61

2053,465,444,16036,11576,59

2054,458,455,15925,11603,60

2055,443,492,15849,11633,64

2056,453,537,15757,11666,66

2057,454,611,15640,11701,70

2058,465,657,15522,11720,72

2059,507,679,15395,11759,77

2060,510,694,15252,11780,75

2061,537,706,15119,11809,77

2062,551,761,14990,11818,75

2063,584,784,14844,11841,74

2064,617,828,14701,11856,80

2065,618,844,14570,11861,88

2066,653,854,14458,11891,91

2067,714,873,14354,11888,103

2068,752,859,14221,11917,98

2069,786,881,14092,11921,93

2070,853,876,13975,11922,92

2071,890,864,13853,11932,94

2072,921,872,13736,11947,93

2073,928,857,13619,11961,100

2074,947,879,13503,11982,93

2075,981,855,13430,11976,90

2076,978,854,13316,11970,85

2077,1009,861,13225,11963,81

2078,1043,879,13128,11953,82

2079,1024,925,13045,11941,89

2080,1051,975,12969,11927,93

2081,1100,1024,12889,11917,92

2082,1107,1055,12835,11898,83

2083,1120,1073,12779,11876,85

2084,1129,1103,12727,11862,89

2085,1178,1154,12689,11822,97

2086,1199,1213,12642,11800,105

2087,1233,1213,12609,11794,109

2088,1246,1201,12623,11767,106

2089,1301,1242,12601,11772,109

2090,1323,1299,12550,11750,108

2091,1365,1332,12574,11715,117

2092,1326,1381,12575,11683,113

2093,1345,1421,12605,11659,115

2094,1309,1454,12638,11631,110

2095,1317,1467,12653,11576,106

2096,1311,1471,12702,11533,109

2097,1297,1485,12743,11493,104

2098,1252,1459,12844,11466,117

2099,1251,1439,12916,11415,113

2100,1225,1525,12940,11391,114

2101,1210,1578,12996,11366,110

2102,1265,1642,13067,11329,109

2103,1245,1688,13140,11253,103

2104,1239,1710,13209,11201,117

2105,1243,1732,13288,11166,117

2106,1290,1746,13353,11141,112

2107,1321,1742,13433,11082,115

2108,1308,1737,13517,11033,113

2109,1311,1796,13607,10982,113

2110,1314,1812,13698,10945,114

2111,1366,1826,13808,10886,116

2112,1430,1847,13890,10839,106

2113,1470,1815,13984,10774,111

2114,1522,1796,14096,10726,123

2115,1582,1750,14196,10705,122

2116,1634,1740,14305,10632,125

2117,1677,1699,14418,10566,119

2118,1731,1702,14537,10512,117

2119,1777,1674,14696,10445,120

2120,1821,1617,14816,10399,118

2121,1808,1589,14966,10346,128

2122,1832,1569,15092,10289,128

2123,1852,1534,15210,10218,126

2124,1832,1512,15341,10187,118

2125,1811,1487,15460,10119,120

2126,1776,1435,15590,10046,106

2127,1785,1404,15739,9991,97

2128,1703,1345,15905,9938,106

2129,1638,1317,16049,9917,104

2130,1565,1268,16171,9855,97

2131,1476,1256,16306,9804,91

2132,1411,1249,16425,9744,79

2133,1310,1212,16563,9699,80

2134,1232,1210,16667,9676,78

2135,1159,1199,16788,9643,78

2136,1058,1198,16890,9611,89

2137,997,1173,16994,9598,84

2138,953,1147,17082,9579,81

2139,876,1159,17166,9562,87

2140,858,1150,17280,9548,87

2141,837,1086,17344,9524,84

2142,785,984,17430,9539,84

2143,707,904,17517,9533,88

2144,677,888,17581,9537,84

2145,631,868,17670,9552,85

2146,606,859,17731,9556,80

2147,607,812,17784,9543,88

2148,586,744,17819,9570,77

2149,537,703,17868,9590,71

2150,529,676,17896,9596,69

2151,513,637,17926,9628,67

2152,512,618,17962,9654,64

2153,502,598,17975,9688,70

2154,483,568,18010,9717,69

2155,476,550,17994,9743,77

2156,465,517,18011,9777,69

2157,466,504,18027,9804,72

2158,468,470,18032,9844,61

2159,453,459,18024,9863,64

2160,458,450,18013,9898,63

2161,441,426,17982,9935,68

2162,415,419,17991,9976,75

2163,413,431,18000,9998,80

2164,422,428,17980,10039,76

2165,450,448,17977,10072,66

2166,475,457,17953,10096,64

2167,493,472,17940,10128,66

2168,532,517,17934,10148,66

2169,567,498,17915,10173,62

2170,580,517,17875,10202,63

2171,576,549,17831,10236,65

2172,581,560,17808,10253,57

2173,593,564,17790,10281,59

2174,617,585,17782,10276,61

2175,664,601,17772,10287,58

2176,686,627,17756,10309,58

2177,712,643,17739,10319,61

2178,734,592,17697,10336,62

2179,747,566,17721,10337,61

2180,778,540,17683,10371,58

2181,753,518,17660,10398,63

2182,754,508,17662,10423,56

2183,727,484,17606,10435,60

2184,705,445,17596,10463,63

2185,670,394,17577,10484,70

2186,656,367,17523,10512,65

2187,647,342,17439,10529,64

2188,602,325,17373,10557,60

2189,587,307,17338,10591,64

2190,557,288,17277,10634,73

2191,526,277,17216,10661,81

2192,513,269,17162,10705,81

2193,508,236,17064,10751,77

2194,506,232,16976,10773,83

2195,497,218,16883,10806,86

2196,486,232,16799,10835,84

2197,489,233,16668,10872,84

2198,477,253,16569,10904,72

2199,478,260,16446,10941,73

2200,502,272,16325,10979,74

2201,507,276,16210,11021,77

2202,510,308,16084,11050,75

2203,502,296,16006,11088,85

2204,507,303,15888,11142,94

2205,529,313,15732,11173,95

2206,531,330,15610,11208,95

2207,504,351,15493,11232,95

2208,508,358,15341,11274,100

2209,516,378,15194,11306,105

2210,556,391,15077,11317,103

2211,558,398,14949,11376,98

2212,609,398,14828,11408,93

2213,624,406,14677,11442,95

2214,635,419,14572,11459,99

2215,649,427,14437,11486,106

2216,625,452,14307,11511,105

2217,650,475,14188,11525,101

2218,692,519,14050,11533,108

2219,675,551,13930,11549,104

2220,672,582,13835,11558,101

2221,693,600,13732,11574,107

2222,707,674,13616,11582,107

2223,764,691,13499,11600,109

2224,813,767,13382,11608,101

2225,835,859,13230,11611,100

2226,880,937,13119,11612,103

2227,943,1019,12992,11598,112

2228,999,1150,12915,11564,116

2229,1036,1302,12821,11537,122

2230,1046,1333,12759,11508,122

2231,1116,1346,12686,11483,118

2232,1162,1419,12627,11458,101

2233,1213,1479,12605,11446,111

2234,1295,1571,12580,11407,108

2235,1343,1611,12548,11361,115

2236,1389,1630,12532,11300,112

2237,1422,1621,12523,11243,114

2238,1464,1638,12535,11218,117

2239,1476,1633,12547,11159,116

2240,1530,1637,12609,11109,117

2241,1571,1645,12670,11069,105

2242,1612,1627,12710,11027,106

2243,1649,1576,12776,11000,100

2244,1680,1553,12836,10946,92

2245,1671,1550,12930,10920,91

2246,1640,1496,13023,10851,91

2247,1647,1450,13116,10790,92

2248,1678,1422,13208,10733,108

2249,1736,1412,13296,10674,103

2250,1773,1368,13368,10621,105

2251,1725,1358,13449,10586,103

2252,1686,1342,13526,10572,111

2253,1675,1250,13614,10538,115

2254,1638,1198,13698,10526,118

2255,1597,1226,13796,10462,117

2256,1558,1216,13880,10425,131

2257,1516,1194,13983,10382,125

2258,1534,1164,14079,10319,123

2259,1530,1116,14154,10255,126

2260,1534,1096,14257,10226,122

2261,1520,1134,14344,10196,116

2262,1459,1154,14431,10167,104

2263,1446,1181,14511,10130,99

2264,1462,1146,14589,10054,106

2265,1473,1152,14649,10018,105

2266,1463,1191,14750,9987,102

2267,1443,1231,14840,9953,105

2268,1415,1232,14913,9897,102

2269,1395,1248,14989,9862,101

2270,1391,1226,15083,9850,102

2271,1377,1247,15161,9814,101

2272,1360,1249,15223,9788,96

2273,1321,1254,15324,9747,97

2274,1293,1254,15381,9708,97

2275,1240,1286,15478,9680,98

2276,1185,1232,15561,9656,99

2277,1164,1210,15639,9621,102

2278,1188,1192,15723,9589,111

2279,1164,1180,15804,9563,114

2280,1119,1160,15903,9540,109

2281,1094,1179,15955,9528,102

2282,1055,1181,16041,9532,102

2283,1016,1091,16107,9501,94

2284,1002,1032,16195,9499,93

2285,1004,993,16258,9499,86

2286,955,957,16330,9495,92

2287,941,953,16397,9463,87

2288,951,895,16431,9431,94

2289,916,827,16510,9440,95

2290,851,806,16564,9435,99

2291,812,768,16611,9415,99

2292,771,725,16661,9424,97

2293,732,664,16710,9438,91

2294,692,648,16765,9450,85

2295,635,610,16818,9458,80

2296,614,577,16844,9478,83

2297,614,524,16888,9508,84

2298,606,491,16905,9535,92

2299,596,475,16944,9554,82

2300,603,454,16971,9559,80

2301,602,446,16992,9590,72

2302,559,451,17000,9598,77

2303,535,441,17023,9623,72

2304,494,425,17057,9639,63

2305,452,437,17081,9651,64

2306,400,430,17084,9691,64

2307,398,430,17086,9708,80

2308,390,414,17085,9739,77

2309,368,390,17106,9783,73

2310,345,353,17127,9818,74

2311,362,358,17138,9857,78

2312,341,346,17154,9905,64

2313,326,336,17142,9938,65

2314,354,320,17137,9987,64

2315,380,327,17128,10027,67

2316,380,363,17101,10067,61

2317,392,386,17080,10105,71

2318,399,390,17077,10153,71

2319,415,429,17035,10169,70

2320,419,442,16992,10213,68

2321,422,478,16952,10251,70

2322,466,498,16907,10272,74

2323,494,515,16875,10294,76

2324,516,507,16838,10328,86

2325,536,521,16787,10342,82

2326,577,516,16748,10343,80

2327,571,507,16715,10348,81

2328,569,526,16666,10363,75

2329,577,541,16630,10390,74

2330,585,536,16572,10403,72

2331,599,528,16472,10424,70

2332,605,509,16409,10471,74

2333,610,474,16363,10489,67

2334,589,472,16297,10546,68

2335,600,463,16194,10572,70

2336,549,465,16131,10584,68

2337,533,476,16071,10605,67

2338,526,487,15961,10646,63

2339,544,478,15854,10671,63

2340,564,479,15756,10705,61

2341,537,458,15649,10737,66

2342,535,463,15549,10781,69

2343,536,474,15453,10802,68

2344,563,483,15351,10830,78

2345,603,467,15248,10840,72

2346,603,484,15149,10872,74

2347,625,490,15062,10893,77

2348,626,481,14949,10907,80

2349,683,497,14854,10902,78

2350,683,502,14752,10932,87

2351,703,504,14637,10971,80

2352,692,490,14552,10989,73

2353,664,508,14430,11008,75

2354,699,495,14351,11044,74

2355,697,501,14233,11059,80

2356,672,514,14160,11079,81

2357,644,547,14049,11102,82

2358,644,561,13981,11125,81

2359,640,578,13863,11145,81

2360,670,591,13787,11161,85

2361,678,640,13688,11173,86

2362,639,655,13602,11191,91

2363,652,652,13518,11204,89

2364,668,645,13408,11214,86

2365,682,674,13309,11232,86

2366,667,714,13240,11252,86

2367,699,739,13127,11252,84

2368,680,770,13033,11279,87

2369,700,798,12937,11259,81

2370,678,854,12890,11263,87

2371,692,917,12829,11265,94

2372,716,995,12756,11272,96

2373,759,1021,12699,11289,94

2374,769,1015,12653,11295,90

2375,784,1063,12606,11295,96

2376,816,1144,12553,11298,98

2377,874,1227,12509,11289,104

2378,911,1323,12462,11258,99

2379,919,1381,12463,11239,97

2380,942,1405,12441,11226,99

2381,958,1450,12421,11186,106

2382,978,1503,12417,11158,104

2383,1042,1537,12429,11125,109

2384,1063,1600,12420,11143,111

2385,1099,1690,12422,11091,115

2386,1131,1765,12436,11046,115

2387,1134,1727,12455,11011,117

2388,1114,1781,12527,10958,112

2389,1140,1836,12587,10903,122

2390,1188,1854,12632,10842,124

2391,1237,1888,12656,10792,118

2392,1238,1920,12729,10738,121

2393,1301,1894,12783,10691,122

2394,1354,1920,12857,10622,115

2395,1372,1952,12930,10567,118

2396,1375,1979,13044,10508,118

2397,1420,1995,13105,10440,120

2398,1417,2019,13222,10375,116

2399,1431,1990,13325,10334,121

2400,1459,1941,13419,10257,120

2401,1479,1911,13500,10195,114

2402,1486,1863,13630,10124,114

2403,1461,1851,13741,10059,113

2404,1427,1869,13892,9989,112

2405,1385,1824,14006,9917,113

2406,1326,1761,14134,9864,116

2407,1280,1734,14245,9822,123

2408,1233,1721,14374,9754,118

2409,1216,1684,14503,9699,118

2410,1190,1659,14632,9661,112

2411,1157,1623,14736,9616,114

2412,1109,1635,14852,9585,117

2413,1059,1539,14967,9563,117

2414,1038,1502,15094,9534,119

2415,1008,1507,15198,9508,118

2416,996,1450,15287,9470,114

2417,1003,1361,15390,9446,111

2418,1004,1306,15494,9427,111

2419,968,1302,15592,9399,103

2420,923,1299,15673,9375,102

2421,877,1242,15749,9350,105

2422,822,1179,15838,9338,103

2423,830,1133,15924,9320,103

2424,859,1137,16007,9297,92

2425,820,1102,16084,9288,89

2426,776,1022,16146,9278,84

2427,771,1000,16221,9268,86

2428,775,961,16261,9239,86

2429,780,917,16346,9211,86

2430,757,862,16391,9212,78

2431,723,861,16448,9227,81

2432,689,831,16503,9234,77

2433,684,829,16537,9245,80

2434,696,808,16563,9262,83

2435,656,793,16622,9263,84

2436,654,809,16650,9276,83

2437,640,823,16651,9265,84

2438,683,775,16686,9271,95

2439,651,764,16750,9280,95

2440,578,740,16823,9300,97

2441,562,727,16849,9312,88

2442,529,671,16901,9343,88

2443,504,651,16913,9343,86

2444,446,634,16953,9373,76

2445,450,600,16976,9393,75

2446,433,590,17016,9409,70

2447,412,589,17028,9431,62

2448,390,565,17033,9465,65

2449,386,556,17030,9491,66

2450,383,577,17044,9497,73

2451,358,576,17049,9518,73

2452,348,592,17055,9563,75

2453,358,573,17035,9596,75

2454,363,532,17049,9624,68

2455,352,523,17071,9658,68

2456,338,507,17075,9679,60

2457,356,504,17062,9706,65

2458,355,491,17031,9723,70

2459,358,505,17009,9763,65

2460,352,491,16987,9798,68

2461,381,502,16938,9835,73

2462,379,494,16935,9862,75

2463,378,493,16925,9883,74

2464,383,475,16910,9913,80

2465,396,459,16863,9927,80

2466,370,461,16836,9940,71

2467,370,440,16792,9969,54

2468,352,418,16748,10000,44

2469,348,433,16697,10036,55

2470,341,414,16657,10074,62

2471,324,392,16603,10116,69

2472,324,389,16548,10159,67

2473,316,366,16485,10215,68

2474,318,333,16415,10246,66

2475,322,334,16352,10275,61

2476,312,323,16267,10314,62

2477,307,320,16188,10347,71

2478,313,319,16111,10385,67

2479,316,319,16017,10422,65

2480,322,319,15925,10471,72

2481,331,322,15834,10504,83

2482,348,303,15731,10551,86

2483,355,319,15640,10584,82

2484,385,307,15547,10604,79

2485,392,304,15443,10658,83

2486,404,311,15336,10695,81

2487,427,314,15210,10740,84

2488,454,336,15089,10777,91

2489,489,325,14995,10817,87

2490,523,323,14869,10867,88

2491,576,356,14727,10866,88

2492,573,370,14590,10905,82

2493,547,392,14488,10927,84

2494,523,433,14365,10982,89

2495,517,496,14260,11018,86

2496,524,528,14136,11043,76

2497,515,563,14029,11083,83

2498,516,604,13919,11121,82

2499,530,657,13779,11133,77

2500,517,695,13661,11170,90

2501,492,769,13557,11191,85

2502,450,791,13432,11209,89

2503,445,852,13297,11225,83

2504,438,915,13198,11238,90

2505,426,964,13109,11254,104

2506,414,975,12974,11250,101

2507,427,990,12897,11264,93

2508,452,993,12782,11286,88

2509,458,1044,12683,11300,91

2510,456,1106,12571,11313,87

2511,472,1145,12492,11311,87

2512,485,1156,12383,11300,101

2513,507,1164,12313,11309,97

2514,554,1180,12207,11314,111

2515,584,1147,12164,11312,114

2516,602,1161,12136,11315,111

2517,610,1150,12098,11306,115

2518,635,1150,12064,11292,112

2519,667,1184,12020,11272,114

2520,699,1202,12001,11274,112

2521,725,1243,11987,11234,111

2522,752,1243,11948,11213,114

2523,806,1258,11942,11203,114

2524,861,1303,11929,11164,120

2525,862,1352,11947,11152,108

2526,942,1353,11938,11137,113

2527,1022,1365,11928,11109,120

2528,1082,1399,11971,11079,122

2529,1166,1487,12002,11053,121

2530,1248,1528,12004,11013,116

2531,1288,1544,12051,10988,119

2532,1322,1602,12073,10938,121

2533,1375,1695,12125,10897,127

2534,1455,1736,12170,10831,132

2535,1493,1732,12233,10777,135

2536,1495,1745,12311,10731,139

2537,1542,1765,12413,10663,141

2538,1595,1819,12502,10626,141

2539,1671,1863,12603,10564,145

2540,1694,1892,12710,10519,137

2541,1728,1912,12801,10446,133

2542,1766,1868,12943,10366,123

2543,1763,1851,13059,10291,120

2544,1774,1851,13208,10235,126

2545,1818,1871,13316,10177,130

2546,1855,1877,13461,10126,128

2547,1882,1845,13609,10075,130

2548,1804,1871,13752,9973,133

2549,1726,1865,13893,9918,132

2550,1694,1853,14055,9843,115

2551,1681,1849,14169,9790,113

2552,1638,1839,14267,9741,113

2553,1627,1831,14412,9673,116

2554,1613,1816,14547,9602,122

2555,1574,1847,14678,9534,116

2556,1521,1781,14825,9472,116

2557,1484,1758,14950,9413,114

2558,1453,1712,15107,9343,109

2559,1414,1653,15246,9297,107

2560,1357,1599,15401,9245,108

2561,1272,1542,15554,9203,112

2562,1176,1538,15675,9166,94

2563,1151,1491,15782,9124,96

2564,1096,1423,15894,9110,93

2565,1002,1413,16021,9076,93

2566,975,1354,16148,9066,93

2567,936,1301,16255,9057,91

2568,870,1252,16376,9034,86

2569,819,1194,16471,9015,86

2570,781,1109,16569,8999,88

2571,750,1084,16646,9003,93

2572,721,1059,16739,8984,88

2573,675,1030,16798,8987,82

2574,629,994,16904,8985,79

2575,616,965,16968,9001,82

2576,558,918,17020,9008,88

2577,485,885,17093,9015,88

2578,450,895,17139,9045,85

2579,400,878,17188,9045,89

2580,363,848,17244,9046,94

2581,350,824,17287,9048,87

2582,321,789,17323,9075,81

2583,289,764,17362,9092,80

2584,276,707,17407,9127,78

2585,255,685,17423,9157,73

2586,226,640,17459,9179,70

2587,206,607,17492,9208,58

2588,200,549,17504,9233,63

2589,201,522,17517,9276,61

2590,200,471,17532,9317,62

2591,196,433,17552,9350,61

2592,199,413,17544,9400,60

2593,212,398,17545,9434,59

2594,230,378,17539,9473,59

2595,247,367,17512,9512,66

2596,246,371,17503,9551,65

2597,252,356,17478,9589,75

2598,293,351,17441,9627,75

2599,290,365,17428,9660,66

2600,318,338,17405,9699,60

2601,337,338,17394,9729,58

2602,333,355,17405,9759,59

2603,341,366,17370,9788,58

2604,359,373,17332,9819,55

2605,384,365,17290,9870,65

2606,388,345,17244,9908,64

2607,380,340,17212,9954,62

2608,390,359,17182,9984,71

2609,411,349,17154,10006,68

2610,423,342,17130,10038,59

2611,425,323,17131,10066,53

2612,452,313,17106,10103,51

2613,425,336,17055,10150,57

2614,414,367,17013,10199,56

2615,384,347,16957,10238,57

2616,381,348,16907,10260,67

2617,403,340,16842,10275,69

2618,394,317,16767,10310,73

2619,378,327,16722,10359,67

2620,398,325,16665,10393,69

2621,411,309,16593,10421,75

2622,394,305,16516,10460,72

2623,370,312,16420,10491,71

2624,356,323,16300,10535,65

2625,336,315,16201,10574,68

2626,353,313,16126,10613,70

2627,367,316,16014,10644,58

2628,345,352,15930,10691,60

2629,334,340,15816,10729,62

2630,355,329,15706,10765,57

2631,363,325,15599,10804,65

2632,382,327,15508,10851,68

2633,373,331,15397,10911,75

2634,367,349,15277,10945,80

2635,373,373,15138,10966,71

2636,384,375,15015,10996,66

2637,410,368,14881,11033,66

2638,419,404,14761,11078,63

2639,422,433,14583,11102,64

2640,421,426,14433,11122,70

2641,450,431,14272,11161,81

2642,447,466,14127,11180,72

2643,454,486,13940,11216,78

2644,476,513,13791,11236,74

2645,489,536,13675,11264,81

2646,524,551,13564,11288,84

2647,532,613,13416,11307,76

2648,564,617,13303,11320,77

2649,575,630,13194,11342,80

2650,580,624,13067,11365,92

2651,574,641,12926,11387,87

2652,591,658,12798,11419,89

2653,620,669,12656,11455,90

2654,644,713,12546,11495,90

2655,685,789,12394,11524,98

2656,712,820,12282,11534,105

2657,751,914,12184,11551,102

2658,752,987,12088,11567,103

2659,793,1028,11952,11565,106

2660,823,1105,11865,11548,108

2661,817,1139,11774,11535,111

2662,871,1177,11735,11534,110

2663,908,1246,11659,11530,106

2664,959,1293,11625,11521,106

2665,998,1326,11604,11519,112

2666,1080,1324,11580,11490,111

2667,1165,1374,11557,11459,102

2668,1206,1405,11551,11424,101

2669,1234,1411,11526,11396,110

2670,1260,1450,11521,11366,108

2671,1292,1495,11512,11343,109

2672,1350,1564,11524,11306,117

2673,1433,1567,11543,11269,117

2674,1499,1601,11602,11220,115

2675,1586,1677,11652,11158,101

2676,1655,1674,11718,11123,106

2677,1709,1645,11775,11061,105

2678,1738,1633,11877,10998,106

2679,1782,1660,11983,10942,104

2680,1841,1670,12066,10884,100

2681,1841,1726,12164,10795,101

2682,1901,1841,12290,10718,98

2683,1939,1926,12409,10635,99

2684,1954,1926,12541,10571,101

2685,1960,1901,12670,10525,102

2686,1957,1942,12829,10454,102

2687,1946,1915,12969,10374,99

2688,1905,1873,13131,10301,104

2689,1874,1846,13279,10238,108

2690,1831,1812,13424,10163,99

2691,1818,1796,13579,10089,93

2692,1800,1721,13741,9989,93

2693,1741,1643,13910,9946,89

2694,1657,1559,14088,9910,82

2695,1598,1551,14198,9871,81

2696,1591,1447,14356,9835,84

2697,1541,1372,14479,9780,87

2698,1475,1307,14624,9731,85

2699,1457,1242,14735,9693,88

2700,1420,1215,14859,9650,90

2701,1348,1185,14995,9640,86

2702,1302,1161,15081,9613,91

2703,1248,1194,15188,9590,81

2704,1191,1205,15273,9548,81

2705,1168,1239,15382,9514,78

2706,1153,1254,15464,9494,75

2707,1125,1211,15569,9457,75

2708,1075,1184,15667,9416,75

2709,1059,1202,15786,9384,76

2710,1033,1182,15880,9361,74

2711,1005,1139,15964,9330,80

2712,1005,1099,16070,9318,85

2713,1020,1090,16183,9304,90

2714,989,1052,16294,9292,93

2715,930,1002,16386,9266,90

2716,892,952,16477,9246,82

2717,827,903,16584,9241,88

2718,760,816,16671,9244,84

2719,745,769,16755,9228,81

2720,745,700,16842,9233,82

2721,703,659,16898,9261,84

2722,712,604,16951,9267,74

2723,680,596,17018,9286,80

2724,667,581,17045,9306,80

2725,633,584,17102,9307,76

2726,601,567,17148,9327,71

2727,560,542,17186,9354,78

2728,510,524,17218,9381,74

2729,476,479,17234,9417,82

2730,453,466,17267,9428,78

2731,444,464,17304,9435,76

2732,452,456,17320,9449,86

2733,411,457,17350,9477,84

2734,399,445,17351,9504,91

2735,415,433,17359,9534,87

2736,436,417,17369,9567,84

2737,468,394,17384,9610,80

2738,485,396,17384,9623,78

2739,486,393,17416,9670,69

2740,498,389,17432,9678,64

2741,496,367,17452,9702,74

2742,474,370,17474,9721,80

2743,483,379,17490,9760,77

2744,476,371,17470,9800,79

2745,455,365,17506,9829,82

2746,425,392,17508,9849,76

2747,424,395,17511,9882,82

2748,399,398,17492,9906,95

2749,393,386,17499,9937,98

2750,380,376,17493,9971,99

2751,373,386,17467,9994,92

2752,364,421,17458,10017,92

2753,357,411,17425,10063,87

2754,339,397,17382,10109,89

2755,352,379,17336,10150,90

2756,348,369,17280,10181,85

2757,368,363,17237,10225,87

2758,392,357,17202,10249,78

2759,363,325,17165,10296,79

2760,351,321,17124,10310,76

2761,347,317,17057,10340,90

2762,351,317,17005,10368,81

2763,355,311,16922,10415,80

2764,366,292,16864,10451,76

2765,383,303,16803,10509,78

2766,382,311,16708,10551,85

2767,411,318,16617,10589,84

2768,424,315,16520,10633,77

2769,417,296,16420,10675,79

2770,416,306,16303,10724,75

2771,428,320,16191,10771,71

2772,443,345,16066,10801,68

2773,450,353,15954,10832,71

2774,466,340,15819,10874,73

2775,498,331,15714,10886,71

2776,493,315,15601,10932,72

2777,529,338,15517,10962,78

2778,579,327,15412,11024,65

2779,620,306,15287,11049,67

2780,661,300,15139,11074,71

2781,711,322,14991,11109,75

2782,747,300,14854,11155,81

2783,780,305,14723,11181,75

2784,791,310,14565,11206,78

2785,821,314,14441,11231,78

2786,885,293,14296,11261,80

2787,904,284,14141,11286,84

2788,915,313,13988,11292,88

2789,907,334,13846,11319,91

2790,929,353,13742,11330,91

2791,943,368,13614,11344,86

2792,953,397,13473,11389,88

2793,936,424,13372,11396,85

2794,986,430,13257,11421,88

2795,998,441,13172,11432,83

2796,1025,476,13018,11439,82

2797,1049,513,12931,11457,83

2798,1072,528,12828,11472,86

2799,1102,541,12736,11499,94

2800,1127,574,12655,11515,99

2801,1155,577,12554,11526,97

2802,1171,611,12479,11509,94

2803,1185,633,12429,11536,103

2804,1198,652,12368,11506,104

2805,1258,703,12345,11517,109

2806,1295,742,12275,11518,109

2807,1341,816,12221,11513,108

2808,1399,884,12163,11498,100

2809,1424,910,12099,11471,101

2810,1492,952,12063,11441,109

2811,1514,999,12042,11429,111

2812,1586,1030,12034,11392,110

2813,1595,1104,12036,11355,113

2814,1584,1221,12034,11322,111

2815,1565,1285,12052,11293,116

2816,1537,1395,12105,11238,114

2817,1524,1463,12150,11191,117

2818,1561,1540,12173,11144,122

2819,1519,1607,12246,11082,123

2820,1501,1652,12309,10997,126

2821,1541,1710,12368,10949,129

2822,1542,1828,12417,10877,137

2823,1515,1910,12464,10819,141

2824,1526,1968,12554,10758,137

2825,1515,2016,12649,10692,134

2826,1532,1994,12776,10632,136

2827,1509,2026,12893,10584,136

2828,1525,2037,12994,10525,133

2829,1506,2085,13131,10451,127

2830,1535,2039,13275,10387,120

2831,1516,1984,13378,10334,127

2832,1466,1943,13533,10268,136

2833,1452,1936,13668,10209,137

2834,1465,1864,13769,10154,136

2835,1467,1756,13910,10093,142

2836,1474,1713,14032,10056,127

2837,1432,1673,14170,10019,132

2838,1431,1623,14281,9966,124

2839,1394,1568,14417,9917,122

2840,1400,1506,14540,9864,113

2841,1367,1443,14658,9811,112

2842,1317,1381,14811,9771,107

2843,1325,1364,14915,9734,106

2844,1310,1352,15015,9712,106

2845,1327,1243,15135,9683,108

2846,1311,1165,15218,9655,103

2847,1311,1112,15308,9626,99

2848,1332,1081,15404,9607,101

2849,1307,1066,15505,9582,94

2850,1267,1054,15598,9579,99

2851,1230,986,15667,9535,105

2852,1192,931,15760,9518,109

2853,1182,889,15864,9515,107

2854,1102,819,15948,9501,99

2855,1115,782,16043,9487,93

2856,1114,725,16112,9482,94

2857,1066,708,16204,9487,88

2858,1048,705,16302,9452,85

2859,1005,694,16354,9467,93

2860,904,655,16438,9484,92

2861,868,624,16515,9496,94

2862,807,578,16573,9508,88

2863,785,539,16613,9510,92

2864,741,532,16645,9521,87

2865,724,512,16683,9532,89

2866,682,470,16751,9548,85

2867,630,410,16819,9561,93

2868,598,400,16857,9604,91

2869,607,399,16893,9622,83

2870,599,382,16926,9664,83

2871,591,343,16976,9691,87

2872,596,337,17016,9700,77

2873,563,312,17047,9724,72

2874,578,299,17057,9742,73

2875,574,291,17082,9763,67

2876,585,292,17099,9793,65

2877,574,291,17111,9843,52

2878,541,275,17128,9866,47

2879,534,281,17153,9890,54

2880,536,298,17137,9915,61

2881,558,281,17124,9943,64

2882,568,278,17137,9973,62

2883,527,302,17130,10002,66

2884,496,334,17132,10035,68

2885,457,355,17145,10042,74

2886,449,365,17132,10092,78

2887,420,386,17155,10114,71

2888,417,403,17146,10142,64

2889,388,428,17135,10191,62

2890,363,438,17127,10222,62

2891,334,460,17090,10257,61

2892,317,483,17056,10300,62

2893,303,487,17007,10339,65

2894,295,498,16971,10365,63

2895,282,521,16931,10394,57

2896,294,521,16890,10439,63

2897,294,538,16870,10473,67

2898,299,555,16819,10522,68

2899,283,545,16796,10541,67

2900,295,515,16725,10580,66

2901,320,494,16666,10622,66

2902,322,507,16631,10657,68

2903,306,519,16574,10674,60

2904,320,494,16528,10707,60

2905,331,464,16447,10738,58

2906,307,451,16368,10763,58

2907,314,452,16327,10782,54

2908,322,481,16256,10810,57

2909,325,473,16180,10851,61

2910,341,453,16102,10882,61

2911,334,447,16018,10916,63

2912,304,448,15924,10955,61

2913,284,469,15802,10985,70

2914,294,483,15703,11022,67

2915,289,498,15596,11057,64

2916,288,508,15509,11078,62

2917,277,535,15378,11119,60

2918,273,564,15256,11150,61

2919,260,596,15138,11197,66

2920,285,604,15035,11247,76

2921,299,644,14931,11276,76

2922,324,692,14774,11302,71

2923,339,738,14653,11342,69

2924,366,796,14502,11358,67

2925,403,803,14375,11380,66

2926,426,834,14268,11400,73

2927,441,874,14166,11412,78

2928,490,916,14047,11432,78

2929,482,948,13929,11432,76

2930,506,958,13774,11445,74

2931,542,1002,13670,11431,76

2932,559,1048,13554,11424,80

2933,578,1078,13439,11429,80

2934,591,1073,13317,11415,71

2935,598,1091,13227,11413,71

2936,587,1092,13126,11417,84

2937,623,1156,13058,11424,85

2938,645,1176,12993,11452,84

2939,695,1230,12908,11449,85

2940,738,1249,12848,11450,94

2941,740,1224,12787,11456,107

2942,763,1178,12707,11454,108

2943,795,1141,12656,11438,101

2944,852,1117,12614,11419,94

2945,874,1100,12580,11405,93

2946,884,1106,12563,11393,104

2947,903,1116,12555,11386,98

2948,936,1115,12530,11370,94

2949,953,1116,12478,11376,95

2950,965,1081,12472,11367,101

2951,992,1085,12457,11357,109

2952,1043,1111,12444,11335,114

2953,1090,1107,12435,11306,106

2954,1152,1135,12444,11285,111

2955,1210,1205,12443,11249,102

2956,1282,1217,12451,11229,101

2957,1363,1287,12472,11192,109

2958,1370,1254,12516,11175,112

2959,1402,1257,12544,11155,111

2960,1458,1249,12589,11133,106

2961,1522,1248,12640,11105,103

2962,1595,1183,12709,11074,110

2963,1645,1161,12752,11031,108

2964,1692,1141,12804,10959,111

2965,1619,1162,12887,10937,110

2966,1627,1160,12959,10888,111

2967,1648,1184,13011,10841,111

2968,1635,1182,13107,10812,111

2969,1575,1187,13201,10783,105

2970,1532,1220,13302,10739,100

2971,1544,1257,13403,10724,109

2972,1515,1243,13510,10672,104

2973,1519,1255,13595,10591,98

2974,1458,1238,13695,10547,109

2975,1423,1259,13780,10521,105

2976,1404,1315,13858,10487,93

2977,1359,1291,13922,10456,94

2978,1315,1322,14016,10416,92

2979,1289,1351,14104,10382,98

2980,1265,1414,14186,10329,102

2981,1263,1488,14263,10285,102

2982,1264,1483,14352,10242,103

2983,1242,1457,14446,10222,98

2984,1215,1384,14548,10214,94

2985,1196,1357,14635,10173,96

2986,1184,1393,14751,10133,98

2987,1153,1442,14837,10104,98

2988,1149,1461,14954,10070,94

2989,1169,1488,15055,10022,91

2990,1106,1479,15152,10014,77

2991,1077,1460,15234,9984,77

2992,1034,1424,15338,9966,74

2993,983,1350,15444,9953,78

2994,996,1301,15551,9921,75

2995,1020,1286,15661,9897,82

2996,996,1228,15740,9890,88

2997,950,1181,15853,9880,80

2998,928,1161,15939,9849,90

2999,877,1123,16037,9823,82

3000,834,1103,16109,9814,82

